bilmerke;alder;Registrerte personbiler 2019;Registrerte varebiler 2019
Ac Midi;Under 4 år;21;0
Ac Midi;4 - 7 år;0;0
Ac Midi;8 - 11 år;0;0
Ac Midi;12 - 15 år;0;0
Ac Midi;16 - 20 år;0;0
Ac Midi;Over 20 år;0;0
Ace;Under 4 år;0;0
Ace;4 - 7 år;0;0
Ace;8 - 11 år;0;0
Ace;12 - 15 år;0;0
Ace;16 - 20 år;0;0
Ace;Over 20 år;1;0
Acura;Under 4 år;0;0
Acura;4 - 7 år;1;0
Acura;8 - 11 år;0;0
Acura;12 - 15 år;1;0
Acura;16 - 20 år;0;0
Acura;Over 20 år;1;0
Adria;Under 4 år;0;0
Adria;4 - 7 år;0;0
Adria;8 - 11 år;0;2
Adria;12 - 15 år;4;226
Adria;16 - 20 år;0;23
Adria;Over 20 år;0;0
Aixam;Under 4 år;0;0
Aixam;4 - 7 år;0;0
Aixam;8 - 11 år;0;0
Aixam;12 - 15 år;0;0
Aixam;16 - 20 år;0;0
Aixam;Over 20 år;0;0
Alfa Romeo;Under 4 år;776;0
Alfa Romeo;4 - 7 år;362;0
Alfa Romeo;8 - 11 år;1531;0
Alfa Romeo;12 - 15 år;967;0
Alfa Romeo;16 - 20 år;512;0
Alfa Romeo;Over 20 år;785;0
Alpina;Under 4 år;1;0
Alpina;4 - 7 år;19;0
Alpina;8 - 11 år;1;0
Alpina;12 - 15 år;0;0
Alpina;16 - 20 år;2;0
Alpina;Over 20 år;4;0
Alpine;Under 4 år;1;0
Alpine;4 - 7 år;1;0
Alpine;8 - 11 år;0;0
Alpine;12 - 15 år;0;0
Alpine;16 - 20 år;0;0
Alpine;Over 20 år;0;0
Alpus;Under 4 år;0;0
Alpus;4 - 7 år;0;0
Alpus;8 - 11 år;0;0
Alpus;12 - 15 år;0;0
Alpus;16 - 20 år;0;0
Alpus;Over 20 år;0;0
Alvis;Under 4 år;0;0
Alvis;4 - 7 år;0;0
Alvis;8 - 11 år;0;0
Alvis;12 - 15 år;0;0
Alvis;16 - 20 år;0;0
Alvis;Over 20 år;11;0
AM General;Under 4 år;0;0
AM General;4 - 7 år;0;0
AM General;8 - 11 år;0;0
AM General;12 - 15 år;0;0
AM General;16 - 20 år;0;0
AM General;Over 20 år;13;1
Amatør Bil;Under 4 år;2;0
Amatør Bil;4 - 7 år;0;0
Amatør Bil;8 - 11 år;0;0
Amatør Bil;12 - 15 år;0;0
Amatør Bil;16 - 20 år;0;0
Amatør Bil;Over 20 år;0;0
Amc;Under 4 år;0;0
Amc;4 - 7 år;0;0
Amc;8 - 11 år;0;0
Amc;12 - 15 år;0;0
Amc;16 - 20 år;0;0
Amc;Over 20 år;66;3
American Motors;Under 4 år;0;0
American Motors;4 - 7 år;0;0
American Motors;8 - 11 år;0;0
American Motors;12 - 15 år;0;0
American Motors;16 - 20 år;0;0
American Motors;Over 20 år;95;3
Arctic trucks;Under 4 år;0;12
Arctic trucks;4 - 7 år;0;0
Arctic trucks;8 - 11 år;0;0
Arctic trucks;12 - 15 år;0;0
Arctic trucks;16 - 20 år;0;0
Arctic trucks;Over 20 år;0;0
Ariel;Under 4 år;0;0
Ariel;4 - 7 år;0;0
Ariel;8 - 11 år;0;0
Ariel;12 - 15 år;2;0
Ariel;16 - 20 år;0;0
Ariel;Over 20 år;0;0
Aro;Under 4 år;0;0
Aro;4 - 7 år;0;0
Aro;8 - 11 år;0;0
Aro;12 - 15 år;0;0
Aro;16 - 20 år;0;0
Aro;Over 20 år;0;1
Arrow;Under 4 år;0;0
Arrow;4 - 7 år;0;0
Arrow;8 - 11 år;0;0
Arrow;12 - 15 år;0;0
Arrow;16 - 20 år;0;0
Arrow;Over 20 år;1;0
Asquith;Under 4 år;0;0
Asquith;4 - 7 år;0;0
Asquith;8 - 11 år;0;0
Asquith;12 - 15 år;0;0
Asquith;16 - 20 år;0;0
Asquith;Over 20 år;0;1
Aston Martin;Under 4 år;22;0
Aston Martin;4 - 7 år;12;0
Aston Martin;8 - 11 år;27;0
Aston Martin;12 - 15 år;70;0
Aston Martin;16 - 20 år;24;0
Aston Martin;Over 20 år;35;0
Aston Martin Lagonda;Under 4 år;1;0
Aston Martin Lagonda;4 - 7 år;1;0
Aston Martin Lagonda;8 - 11 år;6;0
Aston Martin Lagonda;12 - 15 år;2;0
Aston Martin Lagonda;16 - 20 år;0;0
Aston Martin Lagonda;Over 20 år;1;0
Audi;Under 4 år;19841;1
Audi;4 - 7 år;31098;2
Audi;8 - 11 år;35915;0
Audi;12 - 15 år;30363;0
Audi;16 - 20 år;22919;47
Audi;Over 20 år;12110;172
Aurora;Under 4 år;0;0
Aurora;4 - 7 år;0;0
Aurora;8 - 11 år;0;0
Aurora;12 - 15 år;0;0
Aurora;16 - 20 år;0;0
Aurora;Over 20 år;1;0
Austin;Under 4 år;0;0
Austin;4 - 7 år;0;0
Austin;8 - 11 år;0;0
Austin;12 - 15 år;0;0
Austin;16 - 20 år;0;0
Austin;Over 20 år;715;59
Auto Union;Under 4 år;0;0
Auto Union;4 - 7 år;0;0
Auto Union;8 - 11 år;0;0
Auto Union;12 - 15 år;0;0
Auto Union;16 - 20 år;0;0
Auto Union;Over 20 år;41;0
Autobianchi;Under 4 år;0;0
Autobianchi;4 - 7 år;0;0
Autobianchi;8 - 11 år;0;0
Autobianchi;12 - 15 år;0;0
Autobianchi;16 - 20 år;0;0
Autobianchi;Over 20 år;24;0
Autokaross i Floby AB;Under 4 år;0;0
Autokaross i Floby AB;4 - 7 år;0;1
Autokaross i Floby AB;8 - 11 år;0;0
Autokaross i Floby AB;12 - 15 år;0;0
Autokaross i Floby AB;16 - 20 år;0;0
Autokaross i Floby AB;Over 20 år;0;0
Automobili Lamborg;Under 4 år;17;0
Automobili Lamborg;4 - 7 år;5;0
Automobili Lamborg;8 - 11 år;0;0
Automobili Lamborg;12 - 15 år;0;0
Automobili Lamborg;16 - 20 år;0;0
Automobili Lamborg;Over 20 år;1;0
Autostar;Under 4 år;0;0
Autostar;4 - 7 år;0;0
Autostar;8 - 11 år;0;0
Autostar;12 - 15 år;0;16
Autostar;16 - 20 år;0;0
Autostar;Over 20 år;0;0
Azure Dynamics;Under 4 år;0;0
Azure Dynamics;4 - 7 år;0;47
Azure Dynamics;8 - 11 år;0;44
Azure Dynamics;12 - 15 år;0;0
Azure Dynamics;16 - 20 år;0;0
Azure Dynamics;Over 20 år;0;0
Barton Hover;Under 4 år;0;0
Barton Hover;4 - 7 år;0;0
Barton Hover;8 - 11 år;0;0
Barton Hover;12 - 15 år;0;0
Barton Hover;16 - 20 år;0;0
Barton Hover;Over 20 år;0;0
Beck;Under 4 år;0;0
Beck;4 - 7 år;0;0
Beck;8 - 11 år;0;0
Beck;12 - 15 år;0;0
Beck;16 - 20 år;0;0
Beck;Over 20 år;1;0
Bedford;Under 4 år;0;0
Bedford;4 - 7 år;0;0
Bedford;8 - 11 år;0;0
Bedford;12 - 15 år;0;0
Bedford;16 - 20 år;0;0
Bedford;Over 20 år;3;9
Bentley;Under 4 år;23;0
Bentley;4 - 7 år;28;0
Bentley;8 - 11 år;19;0
Bentley;12 - 15 år;36;0
Bentley;16 - 20 år;23;0
Bentley;Over 20 år;104;0
Binz;Under 4 år;0;1
Binz;4 - 7 år;1;20
Binz;8 - 11 år;1;8
Binz;12 - 15 år;0;0
Binz;16 - 20 år;0;0
Binz;Over 20 år;0;0
Birkeland;Under 4 år;0;0
Birkeland;4 - 7 år;0;0
Birkeland;8 - 11 år;0;0
Birkeland;12 - 15 år;0;0
Birkeland;16 - 20 år;0;0
Birkeland;Over 20 år;0;0
Bluebird;Under 4 år;0;0
Bluebird;4 - 7 år;0;0
Bluebird;8 - 11 år;0;0
Bluebird;12 - 15 år;0;0
Bluebird;16 - 20 år;0;0
Bluebird;Over 20 år;0;0
Bmc;Under 4 år;0;0
Bmc;4 - 7 år;0;0
Bmc;8 - 11 år;0;0
Bmc;12 - 15 år;0;0
Bmc;16 - 20 år;0;0
Bmc;Over 20 år;260;11
Bmw;Under 4 år;20253;0
Bmw;4 - 7 år;38562;1
Bmw;8 - 11 år;39277;0
Bmw;12 - 15 år;30959;1
Bmw;16 - 20 år;17103;21
Bmw;Over 20 år;11593;51
Bmw i;Under 4 år;15890;0
Bmw i;4 - 7 år;5023;0
Bmw i;8 - 11 år;0;0
Bmw i;12 - 15 år;0;0
Bmw i;16 - 20 år;0;0
Bmw i;Over 20 år;0;0
Boom Trikes;Under 4 år;0;0
Boom Trikes;4 - 7 år;0;0
Boom Trikes;8 - 11 år;0;0
Boom Trikes;12 - 15 år;0;0
Boom Trikes;16 - 20 år;3;0
Boom Trikes;Over 20 år;18;0
Borgward;Under 4 år;0;0
Borgward;4 - 7 år;0;0
Borgward;8 - 11 år;0;0
Borgward;12 - 15 år;0;0
Borgward;16 - 20 år;0;0
Borgward;Over 20 år;24;4
Brasier;Under 4 år;0;0
Brasier;4 - 7 år;0;0
Brasier;8 - 11 år;0;0
Brasier;12 - 15 år;0;0
Brasier;16 - 20 år;0;0
Brasier;Over 20 år;1;0
Bsa;Under 4 år;0;0
Bsa;4 - 7 år;0;0
Bsa;8 - 11 år;0;0
Bsa;12 - 15 år;0;0
Bsa;16 - 20 år;0;0
Bsa;Over 20 år;2;0
Bugatti;Under 4 år;0;0
Bugatti;4 - 7 år;0;0
Bugatti;8 - 11 år;0;0
Bugatti;12 - 15 år;1;0
Bugatti;16 - 20 år;0;0
Bugatti;Over 20 år;2;0
Buick;Under 4 år;0;0
Buick;4 - 7 år;0;0
Buick;8 - 11 år;1;0
Buick;12 - 15 år;0;0
Buick;16 - 20 år;5;0
Buick;Over 20 år;1462;7
Burstner;Under 4 år;0;0
Burstner;4 - 7 år;1;0
Burstner;8 - 11 år;0;8
Burstner;12 - 15 år;0;847
Burstner;16 - 20 år;0;354
Burstner;Over 20 år;0;188
Busconcept;Under 4 år;2;0
Busconcept;4 - 7 år;0;0
Busconcept;8 - 11 år;0;0
Busconcept;12 - 15 år;0;0
Busconcept;16 - 20 år;0;0
Busconcept;Over 20 år;0;0
Bus-prestige;Under 4 år;1;0
Bus-prestige;4 - 7 år;0;0
Bus-prestige;8 - 11 år;0;0
Bus-prestige;12 - 15 år;0;0
Bus-prestige;16 - 20 år;0;0
Bus-prestige;Over 20 år;0;0
Bussing;Under 4 år;0;0
Bussing;4 - 7 år;0;0
Bussing;8 - 11 år;0;0
Bussing;12 - 15 år;0;0
Bussing;16 - 20 år;0;0
Bussing;Over 20 år;0;0
Buster;Under 4 år;0;0
Buster;4 - 7 år;0;0
Buster;8 - 11 år;0;0
Buster;12 - 15 år;0;1
Buster;16 - 20 år;0;0
Buster;Over 20 år;0;0
Bygg bil;Under 4 år;10;0
Bygg bil;4 - 7 år;0;0
Bygg bil;8 - 11 år;0;0
Bygg bil;12 - 15 år;0;0
Bygg bil;16 - 20 år;0;0
Bygg bil;Over 20 år;0;0
Cabby;Under 4 år;0;0
Cabby;4 - 7 år;0;0
Cabby;8 - 11 år;0;0
Cabby;12 - 15 år;0;5
Cabby;16 - 20 år;0;0
Cabby;Over 20 år;0;0
Cabro;Under 4 år;0;0
Cabro;4 - 7 år;0;0
Cabro;8 - 11 år;0;0
Cabro;12 - 15 år;0;0
Cabro;16 - 20 år;0;0
Cabro;Over 20 år;0;0
Cadillac;Under 4 år;9;13
Cadillac;4 - 7 år;28;9
Cadillac;8 - 11 år;31;17
Cadillac;12 - 15 år;144;22
Cadillac;16 - 20 år;51;14
Cadillac;Over 20 år;2240;7
Capron;Under 4 år;0;0
Capron;4 - 7 år;0;0
Capron;8 - 11 år;0;5
Capron;12 - 15 år;1;69
Capron;16 - 20 år;0;0
Capron;Over 20 år;0;0
Carbodies;Under 4 år;0;0
Carbodies;4 - 7 år;0;0
Carbodies;8 - 11 år;0;0
Carbodies;12 - 15 år;0;0
Carbodies;16 - 20 år;0;0
Carbodies;Over 20 år;1;0
Case;Under 4 år;0;0
Case;4 - 7 år;0;0
Case;8 - 11 år;0;0
Case;12 - 15 år;0;0
Case;16 - 20 år;0;0
Case;Over 20 år;1;0
Caterham;Under 4 år;1;0
Caterham;4 - 7 år;0;0
Caterham;8 - 11 år;2;0
Caterham;12 - 15 år;10;0
Caterham;16 - 20 år;18;0
Caterham;Over 20 år;48;0
Cav;Under 4 år;0;0
Cav;4 - 7 år;0;0
Cav;8 - 11 år;0;0
Cav;12 - 15 år;0;0
Cav;16 - 20 år;0;0
Cav;Over 20 år;1;0
Challenger;Under 4 år;0;0
Challenger;4 - 7 år;0;0
Challenger;8 - 11 år;0;3
Challenger;12 - 15 år;2;559
Challenger;16 - 20 år;1;111
Challenger;Over 20 år;0;1
Chateau;Under 4 år;0;0
Chateau;4 - 7 år;0;0
Chateau;8 - 11 år;0;0
Chateau;12 - 15 år;0;3
Chateau;16 - 20 år;0;0
Chateau;Over 20 år;0;0
Chausson;Under 4 år;0;0
Chausson;4 - 7 år;0;0
Chausson;8 - 11 år;0;0
Chausson;12 - 15 år;0;11
Chausson;16 - 20 år;0;50
Chausson;Over 20 år;0;0
Chery;Under 4 år;1;0
Chery;4 - 7 år;0;0
Chery;8 - 11 år;0;0
Chery;12 - 15 år;0;0
Chery;16 - 20 år;0;0
Chery;Over 20 år;0;0
Chevrolet;Under 4 år;217;269
Chevrolet;4 - 7 år;1135;337
Chevrolet;8 - 11 år;578;226
Chevrolet;12 - 15 år;2192;298
Chevrolet;16 - 20 år;3178;579
Chevrolet;Over 20 år;12372;1587
Chevrolet Daewoo;Under 4 år;0;0
Chevrolet Daewoo;4 - 7 år;0;0
Chevrolet Daewoo;8 - 11 år;0;0
Chevrolet Daewoo;12 - 15 år;1;0
Chevrolet Daewoo;16 - 20 år;0;0
Chevrolet Daewoo;Over 20 år;0;0
Chrysler;Under 4 år;11;12
Chrysler;4 - 7 år;10;20
Chrysler;8 - 11 år;99;26
Chrysler;12 - 15 år;733;192
Chrysler;16 - 20 år;1169;102
Chrysler;Over 20 år;1593;57
Chrysler France;Under 4 år;0;0
Chrysler France;4 - 7 år;0;0
Chrysler France;8 - 11 år;0;0
Chrysler France;12 - 15 år;0;0
Chrysler France;16 - 20 år;0;0
Chrysler France;Over 20 år;0;0
Chrysler Uk;Under 4 år;0;0
Chrysler Uk;4 - 7 år;0;0
Chrysler Uk;8 - 11 år;0;0
Chrysler Uk;12 - 15 år;0;0
Chrysler Uk;16 - 20 år;0;0
Chrysler Uk;Over 20 år;0;0
Ci Europa;Under 4 år;0;0
Ci Europa;4 - 7 år;0;0
Ci Europa;8 - 11 år;0;0
Ci Europa;12 - 15 år;0;0
Ci Europa;16 - 20 år;0;1
Ci Europa;Over 20 år;0;0
Citroen;Under 4 år;5150;5951
Citroen;4 - 7 år;8999;7108
Citroen;8 - 11 år;12539;9243
Citroen;12 - 15 år;7789;5454
Citroen;16 - 20 år;4798;1883
Citroen;Over 20 år;2228;511
Colt;Under 4 år;0;0
Colt;4 - 7 år;0;0
Colt;8 - 11 år;0;0
Colt;12 - 15 år;0;0
Colt;16 - 20 år;0;0
Colt;Over 20 år;27;0
Commer;Under 4 år;0;0
Commer;4 - 7 år;0;0
Commer;8 - 11 år;0;0
Commer;12 - 15 år;0;0
Commer;16 - 20 år;0;0
Commer;Over 20 år;13;24
Concorde;Under 4 år;0;0
Concorde;4 - 7 år;0;0
Concorde;8 - 11 år;0;0
Concorde;12 - 15 år;0;1
Concorde;16 - 20 år;0;0
Concorde;Over 20 år;0;0
Contemporary Classic;Under 4 år;0;0
Contemporary Classic;4 - 7 år;0;0
Contemporary Classic;8 - 11 år;0;0
Contemporary Classic;12 - 15 år;0;0
Contemporary Classic;16 - 20 år;0;0
Contemporary Classic;Over 20 år;2;0
Cuby;Under 4 år;7;0
Cuby;4 - 7 år;0;0
Cuby;8 - 11 år;0;0
Cuby;12 - 15 år;0;0
Cuby;16 - 20 år;0;0
Cuby;Over 20 år;0;0
Dacia;Under 4 år;531;4
Dacia;4 - 7 år;771;19
Dacia;8 - 11 år;33;4
Dacia;12 - 15 år;4;0
Dacia;16 - 20 år;0;0
Dacia;Over 20 år;0;0
Daewoo;Under 4 år;0;0
Daewoo;4 - 7 år;0;0
Daewoo;8 - 11 år;0;0
Daewoo;12 - 15 år;1;0
Daewoo;16 - 20 år;121;15
Daewoo;Over 20 år;69;1
Daf;Under 4 år;0;0
Daf;4 - 7 år;0;0
Daf;8 - 11 år;0;0
Daf;12 - 15 år;0;0
Daf;16 - 20 år;0;0
Daf;Over 20 år;45;1
Daihatsu;Under 4 år;0;0
Daihatsu;4 - 7 år;0;0
Daihatsu;8 - 11 år;148;0
Daihatsu;12 - 15 år;1605;0
Daihatsu;16 - 20 år;606;10
Daihatsu;Over 20 år;333;171
Daimler;Under 4 år;0;0
Daimler;4 - 7 år;0;0
Daimler;8 - 11 år;0;2
Daimler;12 - 15 år;3;0
Daimler;16 - 20 år;17;7
Daimler;Over 20 år;130;6
Dangel;Under 4 år;31;2327
Dangel;4 - 7 år;19;2746
Dangel;8 - 11 år;18;1187
Dangel;12 - 15 år;120;1156
Dangel;16 - 20 år;0;0
Dangel;Over 20 år;0;0
Datsun;Under 4 år;0;0
Datsun;4 - 7 år;0;0
Datsun;8 - 11 år;0;0
Datsun;12 - 15 år;0;0
Datsun;16 - 20 år;1;0
Datsun;Over 20 år;630;63
Dax;Under 4 år;0;0
Dax;4 - 7 år;0;0
Dax;8 - 11 år;0;0
Dax;12 - 15 år;0;0
Dax;16 - 20 år;0;0
Dax;Over 20 år;2;0
De Soto;Under 4 år;0;0
De Soto;4 - 7 år;0;0
De Soto;8 - 11 år;0;0
De Soto;12 - 15 år;0;0
De Soto;16 - 20 år;0;0
De Soto;Over 20 år;129;1
De tomaso;Under 4 år;0;0
De tomaso;4 - 7 år;0;0
De tomaso;8 - 11 år;0;0
De tomaso;12 - 15 år;0;0
De tomaso;16 - 20 år;0;0
De tomaso;Over 20 år;2;0
Delorean;Under 4 år;0;0
Delorean;4 - 7 år;0;0
Delorean;8 - 11 år;0;0
Delorean;12 - 15 år;0;0
Delorean;16 - 20 år;0;0
Delorean;Over 20 år;10;0
Dethleffs;Under 4 år;0;0
Dethleffs;4 - 7 år;0;0
Dethleffs;8 - 11 år;1;2
Dethleffs;12 - 15 år;1;507
Dethleffs;16 - 20 år;0;461
Dethleffs;Over 20 år;0;38
Diamond;Under 4 år;0;0
Diamond;4 - 7 år;0;0
Diamond;8 - 11 år;0;0
Diamond;12 - 15 år;0;0
Diamond;16 - 20 år;0;0
Diamond;Over 20 år;0;4
Dkw;Under 4 år;0;0
Dkw;4 - 7 år;0;0
Dkw;8 - 11 år;0;0
Dkw;12 - 15 år;0;0
Dkw;16 - 20 år;0;0
Dkw;Over 20 år;124;0
Dodge;Under 4 år;1;80
Dodge;4 - 7 år;34;264
Dodge;8 - 11 år;326;116
Dodge;12 - 15 år;738;157
Dodge;16 - 20 år;309;125
Dodge;Over 20 år;1609;418
DS;Under 4 år;247;0
DS;4 - 7 år;125;0
DS;8 - 11 år;0;0
DS;12 - 15 år;0;0
DS;16 - 20 år;0;0
DS;Over 20 år;0;0
Ducati;Under 4 år;0;0
Ducati;4 - 7 år;0;0
Ducati;8 - 11 år;0;0
Ducati;12 - 15 år;0;0
Ducati;16 - 20 år;0;0
Ducati;Over 20 år;0;2
Duesenberg;Under 4 år;0;0
Duesenberg;4 - 7 år;0;0
Duesenberg;8 - 11 år;0;0
Duesenberg;12 - 15 år;0;0
Duesenberg;16 - 20 år;0;0
Duesenberg;Over 20 år;1;0
Dutton;Under 4 år;0;0
Dutton;4 - 7 år;1;0
Dutton;8 - 11 år;0;0
Dutton;12 - 15 år;0;0
Dutton;16 - 20 år;0;0
Dutton;Over 20 år;0;0
E Car;Under 4 år;0;0
E Car;4 - 7 år;0;0
E Car;8 - 11 år;0;0
E Car;12 - 15 år;0;0
E Car;16 - 20 år;0;0
E Car;Over 20 år;0;0
Eagle;Under 4 år;0;0
Eagle;4 - 7 år;0;0
Eagle;8 - 11 år;0;0
Eagle;12 - 15 år;0;0
Eagle;16 - 20 år;0;0
Eagle;Over 20 år;2;0
Ebro;Under 4 år;0;0
Ebro;4 - 7 år;0;0
Ebro;8 - 11 år;0;0
Ebro;12 - 15 år;0;0
Ebro;16 - 20 år;0;0
Ebro;Over 20 år;0;0
Edsel;Under 4 år;0;0
Edsel;4 - 7 år;0;0
Edsel;8 - 11 år;0;0
Edsel;12 - 15 år;0;0
Edsel;16 - 20 år;0;0
Edsel;Over 20 år;3;0
Elnagh;Under 4 år;0;0
Elnagh;4 - 7 år;0;0
Elnagh;8 - 11 år;0;0
Elnagh;12 - 15 år;0;27
Elnagh;16 - 20 år;0;22
Elnagh;Over 20 år;0;0
Emw;Under 4 år;0;0
Emw;4 - 7 år;0;0
Emw;8 - 11 år;0;0
Emw;12 - 15 år;0;0
Emw;16 - 20 år;0;0
Emw;Over 20 år;9;0
Equi-Trek;Under 4 år;0;7
Equi-Trek;4 - 7 år;0;26
Equi-Trek;8 - 11 år;0;1
Equi-Trek;12 - 15 år;0;0
Equi-Trek;16 - 20 år;0;0
Equi-Trek;Over 20 år;0;0
Erde;Under 4 år;0;0
Erde;4 - 7 år;0;0
Erde;8 - 11 år;0;0
Erde;12 - 15 år;0;0
Erde;16 - 20 år;0;0
Erde;Over 20 år;0;0
Eriba;Under 4 år;0;0
Eriba;4 - 7 år;0;0
Eriba;8 - 11 år;0;0
Eriba;12 - 15 år;0;0
Eriba;16 - 20 år;0;0
Eriba;Over 20 år;0;0
Erskine;Under 4 år;0;0
Erskine;4 - 7 år;0;0
Erskine;8 - 11 år;0;0
Erskine;12 - 15 år;0;0
Erskine;16 - 20 år;0;0
Erskine;Over 20 år;1;0
Esterel;Under 4 år;0;0
Esterel;4 - 7 år;0;0
Esterel;8 - 11 år;0;0
Esterel;12 - 15 år;0;1
Esterel;16 - 20 år;0;0
Esterel;Over 20 år;0;0
Eura Caravan;Under 4 år;0;0
Eura Caravan;4 - 7 år;0;0
Eura Caravan;8 - 11 år;0;0
Eura Caravan;12 - 15 år;0;1
Eura Caravan;16 - 20 år;0;1
Eura Caravan;Over 20 år;1;1
Eura Mobil;Under 4 år;0;0
Eura Mobil;4 - 7 år;0;0
Eura Mobil;8 - 11 år;0;0
Eura Mobil;12 - 15 år;0;47
Eura Mobil;16 - 20 år;0;1
Eura Mobil;Over 20 år;0;0
Excalibur;Under 4 år;0;0
Excalibur;4 - 7 år;0;0
Excalibur;8 - 11 år;0;0
Excalibur;12 - 15 år;0;0
Excalibur;16 - 20 år;0;0
Excalibur;Over 20 år;5;0
Factory Five;Under 4 år;0;0
Factory Five;4 - 7 år;0;0
Factory Five;8 - 11 år;0;0
Factory Five;12 - 15 år;0;0
Factory Five;16 - 20 år;0;0
Factory Five;Over 20 år;1;0
Fargo;Under 4 år;0;0
Fargo;4 - 7 år;0;0
Fargo;8 - 11 år;0;0
Fargo;12 - 15 år;0;0
Fargo;16 - 20 år;0;0
Fargo;Over 20 år;0;9
Federal;Under 4 år;0;0
Federal;4 - 7 år;0;0
Federal;8 - 11 år;0;0
Federal;12 - 15 år;0;0
Federal;16 - 20 år;0;0
Federal;Over 20 år;0;1
Fendt;Under 4 år;0;0
Fendt;4 - 7 år;0;0
Fendt;8 - 11 år;0;0
Fendt;12 - 15 år;0;9
Fendt;16 - 20 år;0;0
Fendt;Over 20 år;0;0
Ferrari;Under 4 år;35;0
Ferrari;4 - 7 år;37;0
Ferrari;8 - 11 år;66;0
Ferrari;12 - 15 år;37;0
Ferrari;16 - 20 år;53;0
Ferrari;Over 20 år;247;0
Ffso-Warszawa;Under 4 år;0;0
Ffso-Warszawa;4 - 7 år;0;0
Ffso-Warszawa;8 - 11 år;0;0
Ffso-Warszawa;12 - 15 år;0;0
Ffso-Warszawa;16 - 20 år;0;0
Ffso-Warszawa;Over 20 år;2;0
Fiat;Under 4 år;406;1076
Fiat;4 - 7 år;2848;2009
Fiat;8 - 11 år;4163;2504
Fiat;12 - 15 år;1055;1516
Fiat;16 - 20 år;392;2395
Fiat;Over 20 år;1490;2020
Fisker;Under 4 år;0;0
Fisker;4 - 7 år;1;0
Fisker;8 - 11 år;9;0
Fisker;12 - 15 år;0;0
Fisker;16 - 20 år;0;0
Fisker;Over 20 år;0;0
Fjallvagnen;Under 4 år;0;0
Fjallvagnen;4 - 7 år;0;0
Fjallvagnen;8 - 11 år;0;0
Fjallvagnen;12 - 15 år;0;0
Fjallvagnen;16 - 20 år;0;0
Fjallvagnen;Over 20 år;0;0
Fleetwood;Under 4 år;0;0
Fleetwood;4 - 7 år;0;0
Fleetwood;8 - 11 år;0;0
Fleetwood;12 - 15 år;0;0
Fleetwood;16 - 20 år;0;0
Fleetwood;Over 20 år;0;1
Fleur de lys automobile;Under 4 år;0;0
Fleur de lys automobile;4 - 7 år;0;0
Fleur de lys automobile;8 - 11 år;0;0
Fleur de lys automobile;12 - 15 år;0;0
Fleur de lys automobile;16 - 20 år;0;0
Fleur de lys automobile;Over 20 år;0;1
Fobo;Under 4 år;0;0
Fobo;4 - 7 år;0;0
Fobo;8 - 11 år;0;0
Fobo;12 - 15 år;0;0
Fobo;16 - 20 år;0;0
Fobo;Over 20 år;0;0
Ford;Under 4 år;14212;15740
Ford;4 - 7 år;35061;16413
Ford;8 - 11 år;50412;9395
Ford;12 - 15 år;30736;7923
Ford;16 - 20 år;13919;1634
Ford;Over 20 år;18235;1672
Ford-Cng-Technik;Under 4 år;1023;0
Ford-Cng-Technik;4 - 7 år;473;0
Ford-Cng-Technik;8 - 11 år;7;0
Ford-Cng-Technik;12 - 15 år;0;0
Ford-Cng-Technik;16 - 20 år;0;0
Ford-Cng-Technik;Over 20 år;0;0
Fordson;Under 4 år;0;0
Fordson;4 - 7 år;0;0
Fordson;8 - 11 år;0;0
Fordson;12 - 15 år;0;0
Fordson;16 - 20 år;0;0
Fordson;Over 20 år;0;3
Frankia;Under 4 år;0;0
Frankia;4 - 7 år;0;0
Frankia;8 - 11 år;0;0
Frankia;12 - 15 år;0;6
Frankia;16 - 20 år;0;0
Frankia;Over 20 år;0;11
Franklin;Under 4 år;0;0
Franklin;4 - 7 år;0;0
Franklin;8 - 11 år;0;0
Franklin;12 - 15 år;0;0
Franklin;16 - 20 år;0;0
Franklin;Over 20 år;1;0
Fuso;Under 4 år;2;0
Fuso;4 - 7 år;4;1
Fuso;8 - 11 år;0;0
Fuso;12 - 15 år;0;0
Fuso;16 - 20 år;0;0
Fuso;Over 20 år;0;0
Galloper;Under 4 år;0;0
Galloper;4 - 7 år;0;0
Galloper;8 - 11 år;0;0
Galloper;12 - 15 år;0;0
Galloper;16 - 20 år;255;224
Galloper;Over 20 år;7;5
Gaz;Under 4 år;0;0
Gaz;4 - 7 år;1;0
Gaz;8 - 11 år;0;0
Gaz;12 - 15 år;0;0
Gaz;16 - 20 år;0;0
Gaz;Over 20 år;4;0
Glas;Under 4 år;0;0
Glas;4 - 7 år;0;0
Glas;8 - 11 år;0;0
Glas;12 - 15 år;0;0
Glas;16 - 20 år;0;0
Glas;Over 20 år;2;0
Gm Daewoo;Under 4 år;0;0
Gm Daewoo;4 - 7 år;0;0
Gm Daewoo;8 - 11 år;0;0
Gm Daewoo;12 - 15 år;56;0
Gm Daewoo;16 - 20 år;192;0
Gm Daewoo;Over 20 år;0;0
Gmc;Under 4 år;0;14
Gmc;4 - 7 år;3;19
Gmc;8 - 11 år;0;6
Gmc;12 - 15 år;104;110
Gmc;16 - 20 år;29;14
Gmc;Over 20 år;182;143
Goggomobil;Under 4 år;0;0
Goggomobil;4 - 7 år;0;0
Goggomobil;8 - 11 år;0;0
Goggomobil;12 - 15 år;0;0
Goggomobil;16 - 20 år;0;0
Goggomobil;Over 20 år;4;0
Goliath;Under 4 år;0;0
Goliath;4 - 7 år;0;0
Goliath;8 - 11 år;0;0
Goliath;12 - 15 år;0;0
Goliath;16 - 20 år;0;0
Goliath;Over 20 år;1;0
Goupil;Under 4 år;0;9
Goupil;4 - 7 år;0;0
Goupil;8 - 11 år;0;0
Goupil;12 - 15 år;0;0
Goupil;16 - 20 år;0;0
Goupil;Over 20 år;0;0
Graham Edwards;Under 4 år;0;0
Graham Edwards;4 - 7 år;0;0
Graham Edwards;8 - 11 år;0;0
Graham Edwards;12 - 15 år;0;0
Graham Edwards;16 - 20 år;0;0
Graham Edwards;Over 20 år;1;0
Great Wall Motor C;Under 4 år;0;0
Great Wall Motor C;4 - 7 år;0;0
Great Wall Motor C;8 - 11 år;0;4
Great Wall Motor C;12 - 15 år;0;0
Great Wall Motor C;16 - 20 år;0;0
Great Wall Motor C;Over 20 år;0;0
Gutbrod;Under 4 år;0;0
Gutbrod;4 - 7 år;0;0
Gutbrod;8 - 11 år;0;0
Gutbrod;12 - 15 år;0;0
Gutbrod;16 - 20 år;0;0
Gutbrod;Over 20 år;0;0
Hanomag-Henschel;Under 4 år;0;0
Hanomag-Henschel;4 - 7 år;0;0
Hanomag-Henschel;8 - 11 år;0;0
Hanomag-Henschel;12 - 15 år;0;0
Hanomag-Henschel;16 - 20 år;0;0
Hanomag-Henschel;Over 20 år;4;13
Hansa;Under 4 år;0;0
Hansa;4 - 7 år;0;0
Hansa;8 - 11 år;0;0
Hansa;12 - 15 år;0;0
Hansa;16 - 20 år;0;0
Hansa;Over 20 år;3;0
Heinkel;Under 4 år;0;0
Heinkel;4 - 7 år;0;0
Heinkel;8 - 11 år;0;0
Heinkel;12 - 15 år;0;0
Heinkel;16 - 20 år;0;0
Heinkel;Over 20 år;1;0
Henry J.;Under 4 år;0;0
Henry J.;4 - 7 år;0;0
Henry J.;8 - 11 år;0;0
Henry J.;12 - 15 år;0;0
Henry J.;16 - 20 år;0;0
Henry J.;Over 20 år;5;0
Her Chee;Under 4 år;0;0
Her Chee;4 - 7 år;0;0
Her Chee;8 - 11 år;0;0
Her Chee;12 - 15 år;0;0
Her Chee;16 - 20 år;0;0
Her Chee;Over 20 år;0;0
Hillman;Under 4 år;0;0
Hillman;4 - 7 år;0;0
Hillman;8 - 11 år;0;0
Hillman;12 - 15 år;0;0
Hillman;16 - 20 år;0;0
Hillman;Over 20 år;124;0
Hino;Under 4 år;0;0
Hino;4 - 7 år;0;0
Hino;8 - 11 år;0;0
Hino;12 - 15 år;0;0
Hino;16 - 20 år;0;0
Hino;Over 20 år;9;1
Hmmwv;Under 4 år;0;0
Hmmwv;4 - 7 år;0;0
Hmmwv;8 - 11 år;0;0
Hmmwv;12 - 15 år;0;0
Hmmwv;16 - 20 år;0;0
Hmmwv;Over 20 år;1;0
Hobby;Under 4 år;0;0
Hobby;4 - 7 år;0;0
Hobby;8 - 11 år;0;7
Hobby;12 - 15 år;4;493
Hobby;16 - 20 år;0;22
Hobby;Over 20 år;0;140
Home-Car;Under 4 år;0;0
Home-Car;4 - 7 år;0;0
Home-Car;8 - 11 år;0;0
Home-Car;12 - 15 år;0;23
Home-Car;16 - 20 år;0;0
Home-Car;Over 20 år;0;1
Honda;Under 4 år;2923;0
Honda;4 - 7 år;8480;0
Honda;8 - 11 år;9437;0
Honda;12 - 15 år;16930;86
Honda;16 - 20 år;9475;43
Honda;Over 20 år;4352;41
Horch;Under 4 år;0;0
Horch;4 - 7 år;0;0
Horch;8 - 11 år;0;0
Horch;12 - 15 år;0;0
Horch;16 - 20 år;0;0
Horch;Over 20 år;3;0
Hudson;Under 4 år;0;0
Hudson;4 - 7 år;0;0
Hudson;8 - 11 år;0;0
Hudson;12 - 15 år;0;0
Hudson;16 - 20 år;0;0
Hudson;Over 20 år;70;2
Huiskamp carrosseriefabriek;Under 4 år;0;3
Huiskamp carrosseriefabriek;4 - 7 år;0;0
Huiskamp carrosseriefabriek;8 - 11 år;0;0
Huiskamp carrosseriefabriek;12 - 15 år;0;0
Huiskamp carrosseriefabriek;16 - 20 år;0;0
Huiskamp carrosseriefabriek;Over 20 år;0;0
Humber;Under 4 år;0;0
Humber;4 - 7 år;0;0
Humber;8 - 11 år;0;0
Humber;12 - 15 år;0;0
Humber;16 - 20 år;1;0
Humber;Over 20 år;21;1
Hummer;Under 4 år;0;0
Hummer;4 - 7 år;0;0
Hummer;8 - 11 år;0;0
Hummer;12 - 15 år;97;27
Hummer;16 - 20 år;51;3
Hummer;Over 20 år;1;0
Hymer;Under 4 år;0;0
Hymer;4 - 7 år;0;0
Hymer;8 - 11 år;0;5
Hymer;12 - 15 år;1;430
Hymer;16 - 20 år;0;187
Hymer;Over 20 år;1;87
Hyundai;Under 4 år;17355;102
Hyundai;4 - 7 år;11277;563
Hyundai;8 - 11 år;17876;1219
Hyundai;12 - 15 år;9825;1501
Hyundai;16 - 20 år;4963;650
Hyundai;Over 20 år;1137;226
Ifa;Under 4 år;0;0
Ifa;4 - 7 år;0;0
Ifa;8 - 11 år;0;0
Ifa;12 - 15 år;0;0
Ifa;16 - 20 år;0;0
Ifa;Over 20 år;17;0
Imp.spes.kjøretøy;Under 4 år;0;0
Imp.spes.kjøretøy;4 - 7 år;0;0
Imp.spes.kjøretøy;8 - 11 år;0;0
Imp.spes.kjøretøy;12 - 15 år;0;0
Imp.spes.kjøretøy;16 - 20 år;0;0
Imp.spes.kjøretøy;Over 20 år;2;1
Imperial;Under 4 år;0;0
Imperial;4 - 7 år;0;0
Imperial;8 - 11 år;0;0
Imperial;12 - 15 år;0;0
Imperial;16 - 20 år;0;0
Imperial;Over 20 år;1;0
Infiniti;Under 4 år;1;0
Infiniti;4 - 7 år;4;0
Infiniti;8 - 11 år;4;0
Infiniti;12 - 15 år;2;0
Infiniti;16 - 20 år;1;0
Infiniti;Over 20 år;0;0
International;Under 4 år;0;0
International;4 - 7 år;0;0
International;8 - 11 år;0;0
International;12 - 15 år;0;0
International;16 - 20 år;0;0
International;Over 20 år;12;26
International Harvester;Under 4 år;0;0
International Harvester;4 - 7 år;0;0
International Harvester;8 - 11 år;0;0
International Harvester;12 - 15 år;0;0
International Harvester;16 - 20 år;0;0
International Harvester;Over 20 år;3;1
Iso;Under 4 år;0;0
Iso;4 - 7 år;0;0
Iso;8 - 11 år;0;0
Iso;12 - 15 år;0;0
Iso;16 - 20 år;0;0
Iso;Over 20 år;1;0
Isoli;Under 4 år;0;1
Isoli;4 - 7 år;0;0
Isoli;8 - 11 år;0;0
Isoli;12 - 15 år;0;0
Isoli;16 - 20 år;0;0
Isoli;Over 20 år;0;0
Istrail;Under 4 år;0;0
Istrail;4 - 7 år;0;0
Istrail;8 - 11 år;0;0
Istrail;12 - 15 år;0;0
Istrail;16 - 20 år;0;0
Istrail;Over 20 år;0;0
Isuzu;Under 4 år;1;2563
Isuzu;4 - 7 år;2;3333
Isuzu;8 - 11 år;60;2136
Isuzu;12 - 15 år;141;854
Isuzu;16 - 20 år;4;0
Isuzu;Over 20 år;43;48
Iveco;Under 4 år;3;627
Iveco;4 - 7 år;9;649
Iveco;8 - 11 år;19;352
Iveco;12 - 15 år;23;467
Iveco;16 - 20 år;27;181
Iveco;Over 20 år;20;53
Izh;Under 4 år;0;0
Izh;4 - 7 år;0;0
Izh;8 - 11 år;0;0
Izh;12 - 15 år;0;0
Izh;16 - 20 år;0;0
Izh;Over 20 år;0;0
Jac;Under 4 år;1;0
Jac;4 - 7 år;0;0
Jac;8 - 11 år;0;0
Jac;12 - 15 år;0;0
Jac;16 - 20 år;0;0
Jac;Over 20 år;0;0
Jaguar;Under 4 år;4993;0
Jaguar;4 - 7 år;407;0
Jaguar;8 - 11 år;379;0
Jaguar;12 - 15 år;561;0
Jaguar;16 - 20 år;687;0
Jaguar;Over 20 år;1894;0
Jaguar Cars;Under 4 år;0;0
Jaguar Cars;4 - 7 år;23;0
Jaguar Cars;8 - 11 år;7;0
Jaguar Cars;12 - 15 år;0;0
Jaguar Cars;16 - 20 år;0;0
Jaguar Cars;Over 20 år;2;0
Jaguar Cars Limited;Under 4 år;0;0
Jaguar Cars Limited;4 - 7 år;6;0
Jaguar Cars Limited;8 - 11 år;0;0
Jaguar Cars Limited;12 - 15 år;0;0
Jaguar Cars Limited;16 - 20 år;0;0
Jaguar Cars Limited;Over 20 år;0;0
Jaguar Land Rover;Under 4 år;0;0
Jaguar Land Rover;4 - 7 år;2;0
Jaguar Land Rover;8 - 11 år;4;0
Jaguar Land Rover;12 - 15 år;0;0
Jaguar Land Rover;16 - 20 år;0;0
Jaguar Land Rover;Over 20 år;0;0
Jaguar Land Rover Limited;Under 4 år;15;0
Jaguar Land Rover Limited;4 - 7 år;1857;462
Jaguar Land Rover Limited;8 - 11 år;0;0
Jaguar Land Rover Limited;12 - 15 år;0;0
Jaguar Land Rover Limited;16 - 20 år;0;0
Jaguar Land Rover Limited;Over 20 år;0;0
Jaguar(Jaguar Cars Limited);Under 4 år;0;0
Jaguar(Jaguar Cars Limited);4 - 7 år;0;0
Jaguar(Jaguar Cars Limited);8 - 11 år;0;0
Jaguar(Jaguar Cars Limited);12 - 15 år;0;0
Jaguar(Jaguar Cars Limited);16 - 20 år;1;0
Jaguar(Jaguar Cars Limited);Over 20 år;1;0
Jaguar(Jaguar Land Rover);Under 4 år;0;0
Jaguar(Jaguar Land Rover);4 - 7 år;2;1
Jaguar(Jaguar Land Rover);8 - 11 år;0;0
Jaguar(Jaguar Land Rover);12 - 15 år;0;0
Jaguar(Jaguar Land Rover);16 - 20 år;0;0
Jaguar(Jaguar Land Rover);Over 20 år;0;0
Jalta;Under 4 år;0;0
Jalta;4 - 7 år;0;0
Jalta;8 - 11 år;0;0
Jalta;12 - 15 år;0;0
Jalta;16 - 20 år;0;0
Jalta;Over 20 år;0;0
Jawa;Under 4 år;0;0
Jawa;4 - 7 år;0;0
Jawa;8 - 11 år;0;0
Jawa;12 - 15 år;0;0
Jawa;16 - 20 år;0;0
Jawa;Over 20 år;1;0
Jeep;Under 4 år;206;118
Jeep;4 - 7 år;649;245
Jeep;8 - 11 år;523;307
Jeep;12 - 15 år;1445;219
Jeep;16 - 20 år;1322;94
Jeep;Over 20 år;2294;251
Jensen;Under 4 år;0;0
Jensen;4 - 7 år;0;0
Jensen;8 - 11 år;0;0
Jensen;12 - 15 år;0;0
Jensen;16 - 20 år;0;0
Jensen;Over 20 år;48;0
Jf;Under 4 år;0;0
Jf;4 - 7 år;0;0
Jf;8 - 11 år;0;0
Jf;12 - 15 år;0;0
Jf;16 - 20 år;0;0
Jf;Over 20 år;0;0
Joint;Under 4 år;0;0
Joint;4 - 7 år;0;0
Joint;8 - 11 år;0;0
Joint;12 - 15 år;0;8
Joint;16 - 20 år;0;10
Joint;Over 20 år;0;0
Jomi;Under 4 år;0;0
Jomi;4 - 7 år;0;0
Jomi;8 - 11 år;0;0
Jomi;12 - 15 år;0;0
Jomi;16 - 20 år;0;0
Jomi;Over 20 år;0;0
Jowett;Under 4 år;0;0
Jowett;4 - 7 år;0;0
Jowett;8 - 11 år;0;0
Jowett;12 - 15 år;0;0
Jowett;16 - 20 år;0;0
Jowett;Over 20 år;2;0
Junge Fahrzeugbau Gmbh;Under 4 år;0;0
Junge Fahrzeugbau Gmbh;4 - 7 år;0;1
Junge Fahrzeugbau Gmbh;8 - 11 år;0;0
Junge Fahrzeugbau Gmbh;12 - 15 år;0;0
Junge Fahrzeugbau Gmbh;16 - 20 år;0;0
Junge Fahrzeugbau Gmbh;Over 20 år;0;0
Junkkari;Under 4 år;0;0
Junkkari;4 - 7 år;0;0
Junkkari;8 - 11 år;0;0
Junkkari;12 - 15 år;0;0
Junkkari;16 - 20 år;0;0
Junkkari;Over 20 år;0;0
K.Vagnen;Under 4 år;0;0
K.Vagnen;4 - 7 år;0;0
K.Vagnen;8 - 11 år;0;0
K.Vagnen;12 - 15 år;0;0
K.Vagnen;16 - 20 år;0;0
K.Vagnen;Over 20 år;1;0
Kabe;Under 4 år;0;0
Kabe;4 - 7 år;0;0
Kabe;8 - 11 år;0;0
Kabe;12 - 15 år;0;10
Kabe;16 - 20 år;1;4
Kabe;Over 20 år;0;0
Kaiser;Under 4 år;0;0
Kaiser;4 - 7 år;0;0
Kaiser;8 - 11 år;0;0
Kaiser;12 - 15 år;0;0
Kaiser;16 - 20 år;0;0
Kaiser;Over 20 år;16;0
Kalmar;Under 4 år;0;0
Kalmar;4 - 7 år;0;0
Kalmar;8 - 11 år;0;0
Kalmar;12 - 15 år;0;0
Kalmar;16 - 20 år;0;0
Kalmar;Over 20 år;1;1
Karmann Mobil;Under 4 år;0;0
Karmann Mobil;4 - 7 år;0;0
Karmann Mobil;8 - 11 år;0;2
Karmann Mobil;12 - 15 år;0;25
Karmann Mobil;16 - 20 år;0;0
Karmann Mobil;Over 20 år;0;0
Kerstner;Under 4 år;0;0
Kerstner;4 - 7 år;0;1
Kerstner;8 - 11 år;0;0
Kerstner;12 - 15 år;0;0
Kerstner;16 - 20 år;0;0
Kerstner;Over 20 år;0;0
Kewet;Under 4 år;0;0
Kewet;4 - 7 år;0;0
Kewet;8 - 11 år;0;0
Kewet;12 - 15 år;0;0
Kewet;16 - 20 år;0;0
Kewet;Over 20 år;6;0
Kia;Under 4 år;19413;63
Kia;4 - 7 år;23346;170
Kia;8 - 11 år;9774;226
Kia;12 - 15 år;4256;137
Kia;16 - 20 år;757;149
Kia;Over 20 år;173;46
Knaus;Under 4 år;0;0
Knaus;4 - 7 år;0;0
Knaus;8 - 11 år;0;1
Knaus;12 - 15 år;2;192
Knaus;16 - 20 år;1;68
Knaus;Over 20 år;0;5
Korando;Under 4 år;0;0
Korando;4 - 7 år;0;0
Korando;8 - 11 år;0;0
Korando;12 - 15 år;0;0
Korando;16 - 20 år;0;0
Korando;Over 20 år;6;5
Ktm;Under 4 år;0;0
Ktm;4 - 7 år;0;0
Ktm;8 - 11 år;0;0
Ktm;12 - 15 år;0;0
Ktm;16 - 20 år;0;0
Ktm;Over 20 år;0;0
Lada-Vaz;Under 4 år;0;0
Lada-Vaz;4 - 7 år;0;0
Lada-Vaz;8 - 11 år;0;0
Lada-Vaz;12 - 15 år;0;0
Lada-Vaz;16 - 20 år;0;0
Lada-Vaz;Over 20 år;1;0
Laika;Under 4 år;0;0
Laika;4 - 7 år;0;0
Laika;8 - 11 år;0;1
Laika;12 - 15 år;0;10
Laika;16 - 20 år;0;1
Laika;Over 20 år;0;0
Lamar;Under 4 år;0;9
Lamar;4 - 7 år;0;0
Lamar;8 - 11 år;0;0
Lamar;12 - 15 år;0;0
Lamar;16 - 20 år;0;0
Lamar;Over 20 år;0;0
Lamborghini;Under 4 år;9;0
Lamborghini;4 - 7 år;22;0
Lamborghini;8 - 11 år;6;0
Lamborghini;12 - 15 år;16;0
Lamborghini;16 - 20 år;12;0
Lamborghini;Over 20 år;43;0
Lancia;Under 4 år;0;0
Lancia;4 - 7 år;21;3
Lancia;8 - 11 år;42;1
Lancia;12 - 15 år;23;0
Lancia;16 - 20 år;31;0
Lancia;Over 20 år;204;1
Land Rover;Under 4 år;1036;595
Land Rover;4 - 7 år;806;304
Land Rover;8 - 11 år;1684;612
Land Rover;12 - 15 år;3162;242
Land Rover;16 - 20 år;2211;152
Land Rover;Over 20 år;1146;246
Lasalle;Under 4 år;0;0
Lasalle;4 - 7 år;0;0
Lasalle;8 - 11 år;0;0
Lasalle;12 - 15 år;0;0
Lasalle;16 - 20 år;0;0
Lasalle;Over 20 år;1;0
Laverda;Under 4 år;0;0
Laverda;4 - 7 år;0;0
Laverda;8 - 11 år;0;0
Laverda;12 - 15 år;0;0
Laverda;16 - 20 år;0;0
Laverda;Over 20 år;1;0
Lea Francis;Under 4 år;0;0
Lea Francis;4 - 7 år;0;0
Lea Francis;8 - 11 år;0;0
Lea Francis;12 - 15 år;0;0
Lea Francis;16 - 20 år;0;0
Lea Francis;Over 20 år;1;0
Levc;Under 4 år;3;0
Levc;4 - 7 år;0;0
Levc;8 - 11 år;0;0
Levc;12 - 15 år;0;0
Levc;16 - 20 år;0;0
Levc;Over 20 år;0;0
Lexus;Under 4 år;2814;0
Lexus;4 - 7 år;3616;0
Lexus;8 - 11 år;1944;0
Lexus;12 - 15 år;1165;0
Lexus;16 - 20 år;500;2
Lexus;Over 20 år;136;0
Leyland;Under 4 år;0;0
Leyland;4 - 7 år;0;0
Leyland;8 - 11 år;0;0
Leyland;12 - 15 år;0;0
Leyland;16 - 20 år;0;0
Leyland;Over 20 år;28;0
Ligier;Under 4 år;0;0
Ligier;4 - 7 år;0;0
Ligier;8 - 11 år;0;0
Ligier;12 - 15 år;0;0
Ligier;16 - 20 år;0;0
Ligier;Over 20 år;0;0
Lincoln;Under 4 år;2;1
Lincoln;4 - 7 år;1;1
Lincoln;8 - 11 år;1;2
Lincoln;12 - 15 år;4;1
Lincoln;16 - 20 år;18;0
Lincoln;Over 20 år;763;0
Lloyd;Under 4 år;0;0
Lloyd;4 - 7 år;0;0
Lloyd;8 - 11 år;0;0
Lloyd;12 - 15 år;0;0
Lloyd;16 - 20 år;0;0
Lloyd;Over 20 år;9;2
Lmc;Under 4 år;0;0
Lmc;4 - 7 år;1;0
Lmc;8 - 11 år;0;0
Lmc;12 - 15 år;2;126
Lmc;16 - 20 år;0;19
Lmc;Over 20 år;0;2
Lotus;Under 4 år;1;0
Lotus;4 - 7 år;2;0
Lotus;8 - 11 år;8;0
Lotus;12 - 15 år;27;0
Lotus;16 - 20 år;45;0
Lotus;Over 20 år;141;0
Lti;Under 4 år;0;0
Lti;4 - 7 år;0;0
Lti;8 - 11 år;0;0
Lti;12 - 15 år;0;0
Lti;16 - 20 år;0;0
Lti;Over 20 år;1;0
Løwer;Under 4 år;0;0
Løwer;4 - 7 år;0;0
Løwer;8 - 11 år;0;0
Løwer;12 - 15 år;0;0
Løwer;16 - 20 år;0;0
Løwer;Over 20 år;1;0
Mack;Under 4 år;0;0
Mack;4 - 7 år;0;0
Mack;8 - 11 år;0;0
Mack;12 - 15 år;0;0
Mack;16 - 20 år;0;0
Mack;Over 20 år;0;0
Maco;Under 4 år;0;0
Maco;4 - 7 år;0;0
Maco;8 - 11 år;0;0
Maco;12 - 15 år;0;0
Maco;16 - 20 år;0;0
Maco;Over 20 år;0;0
Magirus Deutz;Under 4 år;0;0
Magirus Deutz;4 - 7 år;0;0
Magirus Deutz;8 - 11 år;0;0
Magirus Deutz;12 - 15 år;0;0
Magirus Deutz;16 - 20 år;0;0
Magirus Deutz;Over 20 år;1;0
Man;Under 4 år;0;99
Man;4 - 7 år;1;0
Man;8 - 11 år;0;0
Man;12 - 15 år;3;0
Man;16 - 20 år;2;0
Man;Over 20 år;16;0
Marmon;Under 4 år;0;0
Marmon;4 - 7 år;0;0
Marmon;8 - 11 år;0;0
Marmon;12 - 15 år;0;0
Marmon;16 - 20 år;0;0
Marmon;Over 20 år;3;0
Martin Motors;Under 4 år;0;0
Martin Motors;4 - 7 år;0;0
Martin Motors;8 - 11 år;0;0
Martin Motors;12 - 15 år;0;0
Martin Motors;16 - 20 år;0;0
Martin Motors;Over 20 år;0;0
Maserati;Under 4 år;69;0
Maserati;4 - 7 år;40;0
Maserati;8 - 11 år;7;0
Maserati;12 - 15 år;29;0
Maserati;16 - 20 år;17;0
Maserati;Over 20 år;74;0
Massey-Ferguson;Under 4 år;0;0
Massey-Ferguson;4 - 7 år;0;0
Massey-Ferguson;8 - 11 år;0;0
Massey-Ferguson;12 - 15 år;0;0
Massey-Ferguson;16 - 20 år;0;0
Massey-Ferguson;Over 20 år;0;0
Matador;Under 4 år;0;0
Matador;4 - 7 år;0;0
Matador;8 - 11 år;0;0
Matador;12 - 15 år;0;0
Matador;16 - 20 år;0;0
Matador;Over 20 år;0;0
Matkaaja;Under 4 år;0;0
Matkaaja;4 - 7 år;0;0
Matkaaja;8 - 11 år;0;0
Matkaaja;12 - 15 år;0;0
Matkaaja;16 - 20 år;0;0
Matkaaja;Over 20 år;0;1
Matra;Under 4 år;0;0
Matra;4 - 7 år;0;0
Matra;8 - 11 år;0;0
Matra;12 - 15 år;0;0
Matra;16 - 20 år;2;0
Matra;Over 20 år;17;0
Maxus;Under 4 år;3;103
Maxus;4 - 7 år;0;0
Maxus;8 - 11 år;0;0
Maxus;12 - 15 år;0;0
Maxus;16 - 20 år;0;0
Maxus;Over 20 år;0;0
Mazda;Under 4 år;10312;0
Mazda;4 - 7 år;25032;1
Mazda;8 - 11 år;10335;196
Mazda;12 - 15 år;10146;314
Mazda;16 - 20 år;4740;21
Mazda;Over 20 år;5475;179
MCLaren;Under 4 år;7;0
MCLaren;4 - 7 år;8;0
MCLaren;8 - 11 år;2;0
MCLaren;12 - 15 år;0;0
MCLaren;16 - 20 år;0;0
MCLaren;Over 20 år;0;0
Mclouis;Under 4 år;0;0
Mclouis;4 - 7 år;0;0
Mclouis;8 - 11 år;0;1
Mclouis;12 - 15 år;0;23
Mclouis;16 - 20 år;0;0
Mclouis;Over 20 år;0;0
MCM;Under 4 år;0;0
MCM;4 - 7 år;0;2
MCM;8 - 11 år;0;0
MCM;12 - 15 år;0;0
MCM;16 - 20 år;0;0
MCM;Over 20 år;0;0
Mercedes sprinter, Bus factor;Under 4 år;0;1
Mercedes sprinter, Bus factor;4 - 7 år;0;1
Mercedes sprinter, Bus factor;8 - 11 år;0;0
Mercedes sprinter, Bus factor;12 - 15 år;0;0
Mercedes sprinter, Bus factor;16 - 20 år;0;0
Mercedes sprinter, Bus factor;Over 20 år;0;0
Mercedes-Amg;Under 4 år;90;5
Mercedes-Amg;4 - 7 år;187;9
Mercedes-Amg;8 - 11 år;60;2
Mercedes-Amg;12 - 15 år;27;4
Mercedes-Amg;16 - 20 år;19;0
Mercedes-Amg;Over 20 år;5;0
Mercedes-Benz;Under 4 år;20162;11661
Mercedes-Benz;4 - 7 år;33648;12199
Mercedes-Benz;8 - 11 år;29926;7209
Mercedes-Benz;12 - 15 år;27474;5116
Mercedes-Benz;16 - 20 år;25056;1603
Mercedes-Benz;Over 20 år;23986;916
Mercury;Under 4 år;0;0
Mercury;4 - 7 år;0;0
Mercury;8 - 11 år;2;0
Mercury;12 - 15 år;0;0
Mercury;16 - 20 år;0;0
Mercury;Over 20 år;447;3
Messerschmitt;Under 4 år;0;0
Messerschmitt;4 - 7 år;0;0
Messerschmitt;8 - 11 år;0;0
Messerschmitt;12 - 15 år;0;0
Messerschmitt;16 - 20 år;0;0
Messerschmitt;Over 20 år;0;0
Mg;Under 4 år;3;0
Mg;4 - 7 år;0;0
Mg;8 - 11 år;0;0
Mg;12 - 15 år;14;0
Mg;16 - 20 år;102;0
Mg;Over 20 år;1628;0
Mia;Under 4 år;0;0
Mia;4 - 7 år;4;0
Mia;8 - 11 år;2;0
Mia;12 - 15 år;0;0
Mia;16 - 20 år;0;0
Mia;Over 20 år;0;0
Micro Compact Car;Under 4 år;0;0
Micro Compact Car;4 - 7 år;0;0
Micro Compact Car;8 - 11 år;0;0
Micro Compact Car;12 - 15 år;0;0
Micro Compact Car;16 - 20 år;86;2
Micro Compact Car;Over 20 år;19;0
Microcar;Under 4 år;0;0
Microcar;4 - 7 år;0;0
Microcar;8 - 11 år;0;0
Microcar;12 - 15 år;0;0
Microcar;16 - 20 år;1;0
Microcar;Over 20 år;1;0
Micro-Vett;Under 4 år;0;0
Micro-Vett;4 - 7 år;0;0
Micro-Vett;8 - 11 år;10;8
Micro-Vett;12 - 15 år;0;0
Micro-Vett;16 - 20 år;0;0
Micro-Vett;Over 20 år;0;0
Miller;Under 4 år;0;0
Miller;4 - 7 år;0;0
Miller;8 - 11 år;0;0
Miller;12 - 15 år;0;1
Miller;16 - 20 år;0;0
Miller;Over 20 år;0;0
Mini;Under 4 år;2887;0
Mini;4 - 7 år;3560;0
Mini;8 - 11 år;3429;0
Mini;12 - 15 år;1833;0
Mini;16 - 20 år;1181;0
Mini;Over 20 år;11;1
Mirage;Under 4 år;0;0
Mirage;4 - 7 år;0;0
Mirage;8 - 11 år;0;0
Mirage;12 - 15 år;0;6
Mirage;16 - 20 år;0;0
Mirage;Over 20 år;0;0
Mitsubishi;Under 4 år;17906;1470
Mitsubishi;4 - 7 år;28595;2986
Mitsubishi;8 - 11 år;20244;3414
Mitsubishi;12 - 15 år;15321;2284
Mitsubishi;16 - 20 år;9012;1140
Mitsubishi;Over 20 år;5889;1487
Mitsubishi Fuso;Under 4 år;0;0
Mitsubishi Fuso;4 - 7 år;0;0
Mitsubishi Fuso;8 - 11 år;1;0
Mitsubishi Fuso;12 - 15 år;2;6
Mitsubishi Fuso;16 - 20 år;0;0
Mitsubishi Fuso;Over 20 år;0;0
Mobilvetta;Under 4 år;0;0
Mobilvetta;4 - 7 år;0;0
Mobilvetta;8 - 11 år;0;0
Mobilvetta;12 - 15 år;0;6
Mobilvetta;16 - 20 år;0;0
Mobilvetta;Over 20 år;0;0
Mo-Pro;Under 4 år;0;0
Mo-Pro;4 - 7 år;0;0
Mo-Pro;8 - 11 år;0;0
Mo-Pro;12 - 15 år;0;0
Mo-Pro;16 - 20 år;0;0
Mo-Pro;Over 20 år;1;0
Morgan;Under 4 år;5;0
Morgan;4 - 7 år;12;0
Morgan;8 - 11 år;26;0
Morgan;12 - 15 år;48;0
Morgan;16 - 20 år;62;0
Morgan;Over 20 år;308;0
Morris;Under 4 år;0;0
Morris;4 - 7 år;0;0
Morris;8 - 11 år;0;0
Morris;12 - 15 år;0;0
Morris;16 - 20 år;0;0
Morris;Over 20 år;411;54
Moskwitch;Under 4 år;0;0
Moskwitch;4 - 7 år;0;0
Moskwitch;8 - 11 år;0;0
Moskwitch;12 - 15 år;0;0
Moskwitch;16 - 20 år;0;0
Moskwitch;Over 20 år;38;0
Mullerup;Under 4 år;0;0
Mullerup;4 - 7 år;0;0
Mullerup;8 - 11 år;0;0
Mullerup;12 - 15 år;0;0
Mullerup;16 - 20 år;0;0
Mullerup;Over 20 år;0;0
Multivans;Under 4 år;0;0
Multivans;4 - 7 år;0;0
Multivans;8 - 11 år;0;0
Multivans;12 - 15 år;8;6
Multivans;16 - 20 år;45;42
Multivans;Over 20 år;0;0
Munsterland;Under 4 år;0;0
Munsterland;4 - 7 år;0;0
Munsterland;8 - 11 år;0;0
Munsterland;12 - 15 år;0;0
Munsterland;16 - 20 år;0;6
Munsterland;Over 20 år;0;2
Mustang;Under 4 år;0;0
Mustang;4 - 7 år;0;0
Mustang;8 - 11 år;0;0
Mustang;12 - 15 år;0;0
Mustang;16 - 20 år;0;0
Mustang;Over 20 år;16;0
N.M.V.;Under 4 år;0;0
N.M.V.;4 - 7 år;0;0
N.M.V.;8 - 11 år;0;0
N.M.V.;12 - 15 år;0;0
N.M.V.;16 - 20 år;0;0
N.M.V.;Over 20 år;0;1
Nash;Under 4 år;0;0
Nash;4 - 7 år;0;0
Nash;8 - 11 år;0;0
Nash;12 - 15 år;0;0
Nash;16 - 20 år;0;0
Nash;Over 20 år;101;0
Navya;Under 4 år;6;0
Navya;4 - 7 år;0;0
Navya;8 - 11 år;0;0
Navya;12 - 15 år;0;0
Navya;16 - 20 år;0;0
Navya;Over 20 år;0;0
Neckar;Under 4 år;0;0
Neckar;4 - 7 år;0;0
Neckar;8 - 11 år;0;0
Neckar;12 - 15 år;0;0
Neckar;16 - 20 år;0;0
Neckar;Over 20 år;15;0
Niesmann Bischoff;Under 4 år;0;0
Niesmann Bischoff;4 - 7 år;0;0
Niesmann Bischoff;8 - 11 år;0;0
Niesmann Bischoff;12 - 15 år;0;0
Niesmann Bischoff;16 - 20 år;0;0
Niesmann Bischoff;Over 20 år;0;0
Nilsson;Under 4 år;0;11
Nilsson;4 - 7 år;0;7
Nilsson;8 - 11 år;6;7
Nilsson;12 - 15 år;10;5
Nilsson;16 - 20 år;0;0
Nilsson;Over 20 år;0;0
Nissan;Under 4 år;31070;3960
Nissan;4 - 7 år;45751;3272
Nissan;8 - 11 år;22853;3346
Nissan;12 - 15 år;15515;4680
Nissan;16 - 20 år;10424;2537
Nissan;Over 20 år;5456;889
Noble;Under 4 år;0;0
Noble;4 - 7 år;0;0
Noble;8 - 11 år;0;0
Noble;12 - 15 år;0;0
Noble;16 - 20 år;0;0
Noble;Over 20 år;1;0
Nsu;Under 4 år;0;0
Nsu;4 - 7 år;0;0
Nsu;8 - 11 år;0;0
Nsu;12 - 15 år;0;0
Nsu;16 - 20 år;0;0
Nsu;Over 20 år;100;0
Oberaigner Automotive GMBH;Under 4 år;0;1
Oberaigner Automotive GMBH;4 - 7 år;0;2
Oberaigner Automotive GMBH;8 - 11 år;0;0
Oberaigner Automotive GMBH;12 - 15 år;0;0
Oberaigner Automotive GMBH;16 - 20 år;0;0
Oberaigner Automotive GMBH;Over 20 år;0;0
Oldsmobile;Under 4 år;0;0
Oldsmobile;4 - 7 år;0;0
Oldsmobile;8 - 11 år;0;0
Oldsmobile;12 - 15 år;0;0
Oldsmobile;16 - 20 år;1;0
Oldsmobile;Over 20 år;867;9
Opel;Under 4 år;9448;2168
Opel;4 - 7 år;13018;3406
Opel;8 - 11 år;15833;3988
Opel;12 - 15 år;19529;6075
Opel;16 - 20 år;15969;1676
Opel;Over 20 år;12565;410
Overland;Under 4 år;0;0
Overland;4 - 7 år;0;0
Overland;8 - 11 år;0;0
Overland;12 - 15 år;0;0
Overland;16 - 20 år;0;0
Overland;Over 20 år;2;0
Packard;Under 4 år;0;0
Packard;4 - 7 år;0;0
Packard;8 - 11 år;0;0
Packard;12 - 15 år;0;0
Packard;16 - 20 år;0;0
Packard;Over 20 år;135;1
Palfinger platforms gmbh;Under 4 år;0;1
Palfinger platforms gmbh;4 - 7 år;0;0
Palfinger platforms gmbh;8 - 11 år;0;0
Palfinger platforms gmbh;12 - 15 år;0;0
Palfinger platforms gmbh;16 - 20 år;0;0
Palfinger platforms gmbh;Over 20 år;0;0
Panhard;Under 4 år;0;0
Panhard;4 - 7 år;0;0
Panhard;8 - 11 år;0;0
Panhard;12 - 15 år;0;0
Panhard;16 - 20 år;0;0
Panhard;Over 20 år;7;1
Panther;Under 4 år;0;0
Panther;4 - 7 år;0;0
Panther;8 - 11 år;0;0
Panther;12 - 15 år;0;0
Panther;16 - 20 år;0;0
Panther;Over 20 år;3;0
Paragan;Under 4 år;0;9
Paragan;4 - 7 år;0;6
Paragan;8 - 11 år;0;0
Paragan;12 - 15 år;0;0
Paragan;16 - 20 år;0;0
Paragan;Over 20 år;0;0
Pe-Tra;Under 4 år;0;0
Pe-Tra;4 - 7 år;0;0
Pe-Tra;8 - 11 år;0;0
Pe-Tra;12 - 15 år;0;0
Pe-Tra;16 - 20 år;0;0
Pe-Tra;Over 20 år;0;0
Peugeot;Under 4 år;13624;9732
Peugeot;4 - 7 år;21338;10382
Peugeot;8 - 11 år;24859;9405
Peugeot;12 - 15 år;20814;5727
Peugeot;16 - 20 år;13734;2461
Peugeot;Over 20 år;2907;691
Piaggio;Under 4 år;0;0
Piaggio;4 - 7 år;0;1
Piaggio;8 - 11 år;0;1
Piaggio;12 - 15 år;0;1
Piaggio;16 - 20 år;0;3
Piaggio;Over 20 år;0;0
Pierce arrow;Under 4 år;0;0
Pierce arrow;4 - 7 år;0;0
Pierce arrow;8 - 11 år;0;0
Pierce arrow;12 - 15 år;0;0
Pierce arrow;16 - 20 år;0;0
Pierce arrow;Over 20 år;1;0
Pilato S.P.A;Under 4 år;0;2
Pilato S.P.A;4 - 7 år;0;3
Pilato S.P.A;8 - 11 år;0;1
Pilato S.P.A;12 - 15 år;0;0
Pilato S.P.A;16 - 20 år;0;0
Pilato S.P.A;Over 20 år;0;0
Pilote;Under 4 år;0;0
Pilote;4 - 7 år;0;0
Pilote;8 - 11 år;0;0
Pilote;12 - 15 år;0;139
Pilote;16 - 20 år;0;13
Pilote;Over 20 år;0;0
Pivco;Under 4 år;0;0
Pivco;4 - 7 år;0;0
Pivco;8 - 11 år;0;0
Pivco;12 - 15 år;0;0
Pivco;16 - 20 år;0;0
Pivco;Over 20 år;1;0
Plymouth;Under 4 år;0;0
Plymouth;4 - 7 år;0;0
Plymouth;8 - 11 år;0;0
Plymouth;12 - 15 år;0;0
Plymouth;16 - 20 år;3;0
Plymouth;Over 20 år;684;6
Pobeda;Under 4 år;0;0
Pobeda;4 - 7 år;0;0
Pobeda;8 - 11 år;0;0
Pobeda;12 - 15 år;0;0
Pobeda;16 - 20 år;0;0
Pobeda;Over 20 år;13;0
Polaris;Under 4 år;0;9
Polaris;4 - 7 år;0;0
Polaris;8 - 11 år;0;0
Polaris;12 - 15 år;0;0
Polaris;16 - 20 år;2;0
Polaris;Over 20 år;2;0
Polonez;Under 4 år;0;0
Polonez;4 - 7 år;0;0
Polonez;8 - 11 år;0;0
Polonez;12 - 15 år;0;0
Polonez;16 - 20 år;0;0
Polonez;Over 20 år;2;0
Polski Fiat;Under 4 år;0;0
Polski Fiat;4 - 7 år;0;0
Polski Fiat;8 - 11 år;0;0
Polski Fiat;12 - 15 år;0;0
Polski Fiat;16 - 20 år;0;0
Polski Fiat;Over 20 år;21;3
Pontiac;Under 4 år;0;0
Pontiac;4 - 7 år;0;0
Pontiac;8 - 11 år;1;0
Pontiac;12 - 15 år;11;0
Pontiac;16 - 20 år;14;0
Pontiac;Over 20 år;2207;9
Porsche;Under 4 år;2227;28
Porsche;4 - 7 år;2283;1
Porsche;8 - 11 år;1894;0
Porsche;12 - 15 år;699;0
Porsche;16 - 20 år;987;4
Porsche;Over 20 år;3356;10
Prince (Pmc);Under 4 år;0;0
Prince (Pmc);4 - 7 år;0;0
Prince (Pmc);8 - 11 år;0;0
Prince (Pmc);12 - 15 år;0;0
Prince (Pmc);16 - 20 år;0;0
Prince (Pmc);Over 20 år;3;0
Princess;Under 4 år;0;0
Princess;4 - 7 år;0;0
Princess;8 - 11 år;0;0
Princess;12 - 15 år;0;0
Princess;16 - 20 år;0;0
Princess;Over 20 år;7;0
Puch;Under 4 år;0;0
Puch;4 - 7 år;0;0
Puch;8 - 11 år;0;0
Puch;12 - 15 år;0;0
Puch;16 - 20 år;0;0
Puch;Over 20 år;4;1
Pur Sang;Under 4 år;0;0
Pur Sang;4 - 7 år;0;0
Pur Sang;8 - 11 år;1;0
Pur Sang;12 - 15 år;0;0
Pur Sang;16 - 20 år;0;0
Pur Sang;Over 20 år;0;0
Pøssl;Under 4 år;1;0
Pøssl;4 - 7 år;0;0
Pøssl;8 - 11 år;1;0
Pøssl;12 - 15 år;0;0
Pøssl;16 - 20 år;0;0
Pøssl;Over 20 år;0;0
Quattro;Under 4 år;0;0
Quattro;4 - 7 år;0;0
Quattro;8 - 11 år;70;0
Quattro;12 - 15 år;126;0
Quattro;16 - 20 år;43;2
Quattro;Over 20 år;0;0
Ram;Under 4 år;0;55
Ram;4 - 7 år;0;71
Ram;8 - 11 år;0;0
Ram;12 - 15 år;0;0
Ram;16 - 20 år;0;0
Ram;Over 20 år;0;0
Rambler;Under 4 år;0;0
Rambler;4 - 7 år;0;0
Rambler;8 - 11 år;0;0
Rambler;12 - 15 år;0;0
Rambler;16 - 20 år;0;0
Rambler;Over 20 år;67;0
Range Rover;Under 4 år;1;0
Range Rover;4 - 7 år;0;0
Range Rover;8 - 11 år;0;0
Range Rover;12 - 15 år;6;0
Range Rover;16 - 20 år;29;0
Range Rover;Over 20 år;181;9
Rapid;Under 4 år;0;0
Rapid;4 - 7 år;0;0
Rapid;8 - 11 år;0;0
Rapid;12 - 15 år;0;0
Rapid;16 - 20 år;0;1
Rapid;Over 20 år;0;2
Rapido;Under 4 år;0;0
Rapido;4 - 7 år;0;0
Rapido;8 - 11 år;0;0
Rapido;12 - 15 år;0;221
Rapido;16 - 20 år;1;33
Rapido;Over 20 år;0;0
Rc;Under 4 år;0;0
Rc;4 - 7 år;0;0
Rc;8 - 11 år;0;0
Rc;12 - 15 år;0;0
Rc;16 - 20 år;0;0
Rc;Over 20 år;0;1
Reko Trailer;Under 4 år;0;0
Reko Trailer;4 - 7 år;0;0
Reko Trailer;8 - 11 år;0;0
Reko Trailer;12 - 15 år;0;0
Reko Trailer;16 - 20 år;0;0
Reko Trailer;Over 20 år;0;0
Reliant;Under 4 år;0;0
Reliant;4 - 7 år;0;0
Reliant;8 - 11 år;0;0
Reliant;12 - 15 år;0;0
Reliant;16 - 20 år;0;0
Reliant;Over 20 år;2;0
Renault;Under 4 år;9977;2709
Renault;4 - 7 år;7949;2414
Renault;8 - 11 år;2809;1633
Renault;12 - 15 år;4673;3013
Renault;16 - 20 år;4497;1290
Renault;Over 20 år;1506;95
Renault/vp;Under 4 år;0;8
Renault/vp;4 - 7 år;0;0
Renault/vp;8 - 11 år;0;0
Renault/vp;12 - 15 år;0;0
Renault/vp;16 - 20 år;0;0
Renault/vp;Over 20 år;0;0
Reo;Under 4 år;0;0
Reo;4 - 7 år;0;0
Reo;8 - 11 år;0;0
Reo;12 - 15 år;0;0
Reo;16 - 20 år;0;0
Reo;Over 20 år;14;3
Replika kjøretøy;Under 4 år;0;0
Replika kjøretøy;4 - 7 år;0;0
Replika kjøretøy;8 - 11 år;0;0
Replika kjøretøy;12 - 15 år;0;0
Replika kjøretøy;16 - 20 år;0;0
Replika kjøretøy;Over 20 år;3;0
Rewaco;Under 4 år;0;0
Rewaco;4 - 7 år;0;0
Rewaco;8 - 11 år;0;0
Rewaco;12 - 15 år;0;0
Rewaco;16 - 20 år;2;0
Rewaco;Over 20 år;0;0
Riley;Under 4 år;0;0
Riley;4 - 7 år;0;0
Riley;8 - 11 år;0;0
Riley;12 - 15 år;0;0
Riley;16 - 20 år;0;0
Riley;Over 20 år;32;0
Rimor;Under 4 år;0;0
Rimor;4 - 7 år;0;0
Rimor;8 - 11 år;0;0
Rimor;12 - 15 år;0;17
Rimor;16 - 20 år;0;0
Rimor;Over 20 år;0;0
Roadless;Under 4 år;0;0
Roadless;4 - 7 år;0;0
Roadless;8 - 11 år;0;0
Roadless;12 - 15 år;0;0
Roadless;16 - 20 år;0;0
Roadless;Over 20 år;0;0
Roelofsen;Under 4 år;0;11
Roelofsen;4 - 7 år;0;4
Roelofsen;8 - 11 år;0;0
Roelofsen;12 - 15 år;0;0
Roelofsen;16 - 20 år;0;0
Roelofsen;Over 20 år;0;0
Rolls-Royce;Under 4 år;3;0
Rolls-Royce;4 - 7 år;6;0
Rolls-Royce;8 - 11 år;3;0
Rolls-Royce;12 - 15 år;3;0
Rolls-Royce;16 - 20 år;9;0
Rolls-Royce;Over 20 år;301;0
Ronidan;Under 4 år;0;0
Ronidan;4 - 7 år;0;0
Ronidan;8 - 11 år;0;0
Ronidan;12 - 15 år;0;0
Ronidan;16 - 20 år;0;0
Ronidan;Over 20 år;0;0
Rosenbauer;Under 4 år;2;0
Rosenbauer;4 - 7 år;0;0
Rosenbauer;8 - 11 år;0;0
Rosenbauer;12 - 15 år;0;0
Rosenbauer;16 - 20 år;0;0
Rosenbauer;Over 20 år;0;0
Rotec;Under 4 år;0;0
Rotec;4 - 7 år;0;0
Rotec;8 - 11 år;0;0
Rotec;12 - 15 år;0;1
Rotec;16 - 20 år;0;0
Rotec;Over 20 år;0;0
Rover;Under 4 år;0;0
Rover;4 - 7 år;0;0
Rover;8 - 11 år;0;0
Rover;12 - 15 år;37;0
Rover;16 - 20 år;373;0
Rover;Over 20 år;769;176
Ruf;Under 4 år;0;0
Ruf;4 - 7 år;0;0
Ruf;8 - 11 år;0;0
Ruf;12 - 15 år;1;0
Ruf;16 - 20 år;0;0
Ruf;Over 20 år;0;0
Rusch;Under 4 år;0;0
Rusch;4 - 7 år;0;0
Rusch;8 - 11 år;0;0
Rusch;12 - 15 år;0;0
Rusch;16 - 20 år;0;0
Rusch;Over 20 år;1;0
Saab;Under 4 år;0;0
Saab;4 - 7 år;3;0
Saab;8 - 11 år;1143;0
Saab;12 - 15 år;7420;0
Saab;16 - 20 år;7475;20
Saab;Over 20 år;4282;6
Santana;Under 4 år;0;0
Santana;4 - 7 år;0;0
Santana;8 - 11 år;0;1
Santana;12 - 15 år;0;3
Santana;16 - 20 år;0;1
Santana;Over 20 år;0;0
Saturn;Under 4 år;0;0
Saturn;4 - 7 år;0;0
Saturn;8 - 11 år;0;0
Saturn;12 - 15 år;0;0
Saturn;16 - 20 år;0;0
Saturn;Over 20 år;0;0
Saxas Nutzfahrzeuge Werdau A;Under 4 år;0;0
Saxas Nutzfahrzeuge Werdau A;4 - 7 år;0;2
Saxas Nutzfahrzeuge Werdau A;8 - 11 år;0;0
Saxas Nutzfahrzeuge Werdau A;12 - 15 år;0;0
Saxas Nutzfahrzeuge Werdau A;16 - 20 år;0;0
Saxas Nutzfahrzeuge Werdau A;Over 20 år;0;0
Scania;Under 4 år;0;0
Scania;4 - 7 år;0;0
Scania;8 - 11 år;0;0
Scania;12 - 15 år;0;0
Scania;16 - 20 år;2;0
Scania;Over 20 år;74;0
Schilter;Under 4 år;0;0
Schilter;4 - 7 år;0;0
Schilter;8 - 11 år;0;0
Schilter;12 - 15 år;0;0
Schilter;16 - 20 år;0;0
Schilter;Over 20 år;0;0
Schulz;Under 4 år;0;0
Schulz;4 - 7 år;0;0
Schulz;8 - 11 år;0;0
Schulz;12 - 15 år;0;0
Schulz;16 - 20 år;0;0
Schulz;Over 20 år;12;1
Seat;Under 4 år;566;0
Seat;4 - 7 år;21;0
Seat;8 - 11 år;24;0
Seat;12 - 15 år;85;3
Seat;16 - 20 år;1092;140
Seat;Over 20 år;374;48
Secma;Under 4 år;0;0
Secma;4 - 7 år;0;0
Secma;8 - 11 år;0;0
Secma;12 - 15 år;0;0
Secma;16 - 20 år;0;0
Secma;Over 20 år;0;0
Setra;Under 4 år;0;0
Setra;4 - 7 år;0;0
Setra;8 - 11 år;0;0
Setra;12 - 15 år;1;0
Setra;16 - 20 år;1;0
Setra;Over 20 år;2;0
Shelby;Under 4 år;1;0
Shelby;4 - 7 år;0;0
Shelby;8 - 11 år;0;0
Shelby;12 - 15 år;0;0
Shelby;16 - 20 år;0;0
Shelby;Over 20 år;0;0
Sima;Under 4 år;0;0
Sima;4 - 7 år;0;0
Sima;8 - 11 år;0;0
Sima;12 - 15 år;0;0
Sima;16 - 20 år;0;0
Sima;Over 20 år;1;0
Simca;Under 4 år;0;0
Simca;4 - 7 år;0;0
Simca;8 - 11 år;0;0
Simca;12 - 15 år;0;0
Simca;16 - 20 år;0;0
Simca;Over 20 år;25;1
Simpa Jdm;Under 4 år;0;0
Simpa Jdm;4 - 7 år;0;0
Simpa Jdm;8 - 11 år;0;0
Simpa Jdm;12 - 15 år;0;0
Simpa Jdm;16 - 20 år;0;0
Simpa Jdm;Over 20 år;0;0
Singer;Under 4 år;0;0
Singer;4 - 7 år;0;0
Singer;8 - 11 år;0;0
Singer;12 - 15 år;0;0
Singer;16 - 20 år;0;0
Singer;Over 20 år;12;0
Skoda;Under 4 år;23605;0
Skoda;4 - 7 år;29908;0
Skoda;8 - 11 år;26098;0
Skoda;12 - 15 år;15869;0
Skoda;16 - 20 år;6486;126
Skoda;Over 20 år;879;112
Smart;Under 4 år;492;0
Smart;4 - 7 år;522;0
Smart;8 - 11 år;471;0
Smart;12 - 15 år;733;0
Smart;16 - 20 år;326;0
Smart;Over 20 år;2;0
Solifer;Under 4 år;0;0
Solifer;4 - 7 år;0;0
Solifer;8 - 11 år;0;0
Solifer;12 - 15 år;0;0
Solifer;16 - 20 år;0;0
Solifer;Over 20 år;0;0
Sprintcar;Under 4 år;1;0
Sprintcar;4 - 7 år;0;0
Sprintcar;8 - 11 år;0;0
Sprintcar;12 - 15 år;0;0
Sprintcar;16 - 20 år;0;0
Sprintcar;Over 20 år;0;0
Squire;Under 4 år;0;0
Squire;4 - 7 år;0;0
Squire;8 - 11 år;0;0
Squire;12 - 15 år;0;0
Squire;16 - 20 år;0;0
Squire;Over 20 år;1;0
Ssangyong;Under 4 år;87;318
Ssangyong;4 - 7 år;106;276
Ssangyong;8 - 11 år;263;737
Ssangyong;12 - 15 år;1852;816
Ssangyong;16 - 20 år;325;53
Ssangyong;Over 20 år;58;16
Standar Motor Corporation;Under 4 år;0;0
Standar Motor Corporation;4 - 7 år;0;0
Standar Motor Corporation;8 - 11 år;0;0
Standar Motor Corporation;12 - 15 år;0;0
Standar Motor Corporation;16 - 20 år;0;0
Standar Motor Corporation;Over 20 år;0;0
Standard;Under 4 år;0;0
Standard;4 - 7 år;0;0
Standard;8 - 11 år;0;0
Standard;12 - 15 år;0;0
Standard;16 - 20 år;0;0
Standard;Over 20 år;15;0
Standard Motor Corporation;Under 4 år;0;0
Standard Motor Corporation;4 - 7 år;0;0
Standard Motor Corporation;8 - 11 år;0;0
Standard Motor Corporation;12 - 15 år;0;0
Standard Motor Corporation;16 - 20 år;0;0
Standard Motor Corporation;Over 20 år;1;0
Steyr;Under 4 år;0;0
Steyr;4 - 7 år;0;0
Steyr;8 - 11 år;0;0
Steyr;12 - 15 år;0;0
Steyr;16 - 20 år;0;0
Steyr;Over 20 år;5;1
Studebaker;Under 4 år;0;0
Studebaker;4 - 7 år;0;0
Studebaker;8 - 11 år;0;0
Studebaker;12 - 15 år;2;5
Studebaker;16 - 20 år;28;3
Studebaker;Over 20 år;155;14
Stutz;Under 4 år;0;0
Stutz;4 - 7 år;0;0
Stutz;8 - 11 år;0;0
Stutz;12 - 15 år;0;0
Stutz;16 - 20 år;0;0
Stutz;Over 20 år;1;0
Stx;Under 4 år;0;52
Stx;4 - 7 år;0;27
Stx;8 - 11 år;0;0
Stx;12 - 15 år;0;0
Stx;16 - 20 år;0;0
Stx;Over 20 år;0;0
Subaru;Under 4 år;4482;0
Subaru;4 - 7 år;11953;0
Subaru;8 - 11 år;11418;0
Subaru;12 - 15 år;10729;0
Subaru;16 - 20 år;9053;16
Subaru;Over 20 år;3593;246
Sunbeam;Under 4 år;0;0
Sunbeam;4 - 7 år;0;0
Sunbeam;8 - 11 år;0;0
Sunbeam;12 - 15 år;0;0
Sunbeam;16 - 20 år;0;0
Sunbeam;Over 20 år;70;0
Suzuki;Under 4 år;7697;0
Suzuki;4 - 7 år;11122;0
Suzuki;8 - 11 år;9488;0
Suzuki;12 - 15 år;17446;1286
Suzuki;16 - 20 år;8783;452
Suzuki;Over 20 år;2276;459
Swift;Under 4 år;0;0
Swift;4 - 7 år;0;0
Swift;8 - 11 år;0;0
Swift;12 - 15 år;0;0
Swift;16 - 20 år;0;0
Swift;Over 20 år;0;5
Tabbert;Under 4 år;0;0
Tabbert;4 - 7 år;0;0
Tabbert;8 - 11 år;0;0
Tabbert;12 - 15 år;0;0
Tabbert;16 - 20 år;0;0
Tabbert;Over 20 år;0;2
Talbot;Under 4 år;0;0
Talbot;4 - 7 år;0;0
Talbot;8 - 11 år;0;0
Talbot;12 - 15 år;0;0
Talbot;16 - 20 år;0;0
Talbot;Over 20 år;57;3
Tasso;Under 4 år;0;0
Tasso;4 - 7 år;0;0
Tasso;8 - 11 år;0;0
Tasso;12 - 15 år;0;0
Tasso;16 - 20 år;0;0
Tasso;Over 20 år;0;0
Tata;Under 4 år;0;0
Tata;4 - 7 år;0;0
Tata;8 - 11 år;0;0
Tata;12 - 15 år;0;0
Tata;16 - 20 år;0;0
Tata;Over 20 år;0;0
Tatra;Under 4 år;0;0
Tatra;4 - 7 år;0;0
Tatra;8 - 11 år;0;0
Tatra;12 - 15 år;0;0
Tatra;16 - 20 år;0;0
Tatra;Over 20 år;6;0
Tazzari;Under 4 år;0;0
Tazzari;4 - 7 år;2;0
Tazzari;8 - 11 år;0;0
Tazzari;12 - 15 år;0;0
Tazzari;16 - 20 år;0;0
Tazzari;Over 20 år;0;0
Tec;Under 4 år;0;0
Tec;4 - 7 år;0;0
Tec;8 - 11 år;0;1
Tec;12 - 15 år;0;70
Tec;16 - 20 år;0;4
Tec;Over 20 år;0;0
Tempo;Under 4 år;0;0
Tempo;4 - 7 år;0;0
Tempo;8 - 11 år;0;0
Tempo;12 - 15 år;0;0
Tempo;16 - 20 år;0;0
Tempo;Over 20 år;0;0
Tempo;Under 4 år;0;0
Tempo;4 - 7 år;0;0
Tempo;8 - 11 år;0;0
Tempo;12 - 15 år;0;0
Tempo;16 - 20 år;0;0
Tempo;Over 20 år;0;0
Terra;Under 4 år;0;0
Terra;4 - 7 år;0;0
Terra;8 - 11 år;0;0
Terra;12 - 15 år;0;0
Terra;16 - 20 år;0;0
Terra;Over 20 år;0;0
Tesla;Under 4 år;31216;1
Tesla;4 - 7 år;7;0
Tesla;8 - 11 år;61;0
Tesla;12 - 15 år;0;0
Tesla;16 - 20 år;0;0
Tesla;Over 20 år;0;0
Tesla Motors;Under 4 år;4278;0
Tesla Motors;4 - 7 år;13057;0
Tesla Motors;8 - 11 år;5;0
Tesla Motors;12 - 15 år;0;0
Tesla Motors;16 - 20 år;0;0
Tesla Motors;Over 20 år;0;0
Theault;Under 4 år;0;1
Theault;4 - 7 år;0;7
Theault;8 - 11 år;0;3
Theault;12 - 15 år;0;0
Theault;16 - 20 år;0;0
Theault;Over 20 år;0;0
Think;Under 4 år;0;0
Think;4 - 7 år;5;0
Think;8 - 11 år;284;0
Think;12 - 15 år;27;0
Think;16 - 20 år;85;0
Think;Over 20 år;3;0
Toyota;Under 4 år;46099;9873
Toyota;4 - 7 år;68016;10348
Toyota;8 - 11 år;67615;15744
Toyota;12 - 15 år;76670;19031
Toyota;16 - 20 år;59593;10705
Toyota;Over 20 år;28108;5108
Trabant;Under 4 år;0;0
Trabant;4 - 7 år;0;0
Trabant;8 - 11 år;0;0
Trabant;12 - 15 år;0;0
Trabant;16 - 20 år;0;0
Trabant;Over 20 år;45;0
Trailer-Bygg;Under 4 år;0;0
Trailer-Bygg;4 - 7 år;0;0
Trailer-Bygg;8 - 11 år;0;0
Trailer-Bygg;12 - 15 år;0;0
Trailer-Bygg;16 - 20 år;0;0
Trailer-Bygg;Over 20 år;0;0
Trigano;Under 4 år;0;0
Trigano;4 - 7 år;0;0
Trigano;8 - 11 år;0;3
Trigano;12 - 15 år;1;240
Trigano;16 - 20 år;0;2
Trigano;Over 20 år;0;0
Tri-Star;Under 4 år;0;0
Tri-Star;4 - 7 år;0;0
Tri-Star;8 - 11 år;0;0
Tri-Star;12 - 15 år;0;0
Tri-Star;16 - 20 år;365;59
Tri-Star;Over 20 år;17;1
Triumph;Under 4 år;0;0
Triumph;4 - 7 år;0;0
Triumph;8 - 11 år;0;0
Triumph;12 - 15 år;0;0
Triumph;16 - 20 år;0;0
Triumph;Over 20 år;903;0
Truckmaster;Under 4 år;0;0
Truckmaster;4 - 7 år;0;0
Truckmaster;8 - 11 år;0;0
Truckmaster;12 - 15 år;71;87
Truckmaster;16 - 20 år;435;189
Truckmaster;Over 20 år;0;0
Tvr;Under 4 år;0;0
Tvr;4 - 7 år;0;0
Tvr;8 - 11 år;0;0
Tvr;12 - 15 år;0;0
Tvr;16 - 20 år;1;0
Tvr;Over 20 år;20;0
U.A.Z.;Under 4 år;0;0
U.A.Z.;4 - 7 år;0;0
U.A.Z.;8 - 11 år;0;0
U.A.Z.;12 - 15 år;0;0
U.A.Z.;16 - 20 år;0;0
U.A.Z.;Over 20 år;3;0
Um;Under 4 år;0;0
Um;4 - 7 år;0;0
Um;8 - 11 år;0;0
Um;12 - 15 år;0;0
Um;16 - 20 år;0;0
Um;Over 20 år;1;0
Umeslap;Under 4 år;0;5
Umeslap;4 - 7 år;0;4
Umeslap;8 - 11 år;0;0
Umeslap;12 - 15 år;0;0
Umeslap;16 - 20 år;0;0
Umeslap;Over 20 år;0;0
Unimog;Under 4 år;0;0
Unimog;4 - 7 år;0;0
Unimog;8 - 11 år;0;0
Unimog;12 - 15 år;0;0
Unimog;16 - 20 år;0;0
Unimog;Over 20 år;0;3
Unique Motors;Under 4 år;0;0
Unique Motors;4 - 7 år;0;0
Unique Motors;8 - 11 år;0;0
Unique Motors;12 - 15 år;0;0
Unique Motors;16 - 20 år;0;0
Unique Motors;Over 20 år;0;0
Ursus;Under 4 år;0;0
Ursus;4 - 7 år;0;0
Ursus;8 - 11 år;0;0
Ursus;12 - 15 år;0;0
Ursus;16 - 20 år;0;0
Ursus;Over 20 år;0;0
Valiant;Under 4 år;0;0
Valiant;4 - 7 år;0;0
Valiant;8 - 11 år;0;0
Valiant;12 - 15 år;0;0
Valiant;16 - 20 år;0;0
Valiant;Over 20 år;2;0
Vans Barbot;Under 4 år;0;0
Vans Barbot;4 - 7 år;0;2
Vans Barbot;8 - 11 år;0;0
Vans Barbot;12 - 15 år;0;0
Vans Barbot;16 - 20 år;0;0
Vans Barbot;Over 20 år;0;0
Vauxhall;Under 4 år;1;0
Vauxhall;4 - 7 år;2;0
Vauxhall;8 - 11 år;0;0
Vauxhall;12 - 15 år;3;0
Vauxhall;16 - 20 år;9;0
Vauxhall;Over 20 år;227;1
Vaz;Under 4 år;1;0
Vaz;4 - 7 år;0;1
Vaz;8 - 11 år;0;0
Vaz;12 - 15 år;1;0
Vaz;16 - 20 år;0;0
Vaz;Over 20 år;383;35
Velocette;Under 4 år;0;0
Velocette;4 - 7 år;0;0
Velocette;8 - 11 år;0;0
Velocette;12 - 15 år;0;0
Velocette;16 - 20 år;0;0
Velocette;Over 20 år;0;0
Volga;Under 4 år;0;0
Volga;4 - 7 år;0;0
Volga;8 - 11 år;0;0
Volga;12 - 15 år;0;0
Volga;16 - 20 år;0;0
Volga;Over 20 år;31;0
Volkswagen;Under 4 år;63426;31486
Volkswagen;4 - 7 år;96094;39367
Volkswagen;8 - 11 år;82895;31970
Volkswagen;12 - 15 år;73031;22595
Volkswagen;16 - 20 år;48122;8088
Volkswagen;Over 20 år;30074;3792
Volvo;Under 4 år;33979;53
Volvo;4 - 7 år;47160;58
Volvo;8 - 11 år;50793;1
Volvo;12 - 15 år;38946;1
Volvo;16 - 20 år;29242;100
Volvo;Over 20 år;28391;630
Volvo Bm;Under 4 år;0;0
Volvo Bm;4 - 7 år;0;0
Volvo Bm;8 - 11 år;0;0
Volvo Bm;12 - 15 år;0;0
Volvo Bm;16 - 20 år;0;0
Volvo Bm;Over 20 år;0;0
Wanderer;Under 4 år;0;0
Wanderer;4 - 7 år;0;0
Wanderer;8 - 11 år;0;0
Wanderer;12 - 15 år;0;0
Wanderer;16 - 20 år;0;0
Wanderer;Over 20 år;8;0
Wartburg;Under 4 år;0;0
Wartburg;4 - 7 år;0;0
Wartburg;8 - 11 år;0;0
Wartburg;12 - 15 år;0;0
Wartburg;16 - 20 år;0;0
Wartburg;Over 20 år;28;1
Warzawa;Under 4 år;0;0
Warzawa;4 - 7 år;0;0
Warzawa;8 - 11 år;0;0
Warzawa;12 - 15 år;0;0
Warzawa;16 - 20 år;0;0
Warzawa;Over 20 år;0;0
Westfalia;Under 4 år;1;0
Westfalia;4 - 7 år;1;0
Westfalia;8 - 11 år;0;0
Westfalia;12 - 15 år;0;0
Westfalia;16 - 20 år;0;1
Westfalia;Over 20 år;0;0
Westfield;Under 4 år;0;0
Westfield;4 - 7 år;0;0
Westfield;8 - 11 år;1;0
Westfield;12 - 15 år;0;0
Westfield;16 - 20 år;2;0
Westfield;Over 20 år;3;0
White;Under 4 år;0;0
White;4 - 7 år;0;0
White;8 - 11 år;0;0
White;12 - 15 år;0;0
White;16 - 20 år;0;0
White;Over 20 år;1;0
Wilk;Under 4 år;0;0
Wilk;4 - 7 år;0;0
Wilk;8 - 11 år;0;0
Wilk;12 - 15 år;0;0
Wilk;16 - 20 år;0;0
Wilk;Over 20 år;0;0
Willys;Under 4 år;0;0
Willys;4 - 7 år;0;0
Willys;8 - 11 år;0;0
Willys;12 - 15 år;0;0
Willys;16 - 20 år;0;0
Willys;Over 20 år;851;282
Wolseley;Under 4 år;0;0
Wolseley;4 - 7 år;0;0
Wolseley;8 - 11 år;0;0
Wolseley;12 - 15 år;0;0
Wolseley;16 - 20 år;0;0
Wolseley;Over 20 år;26;0
Zastava;Under 4 år;0;0
Zastava;4 - 7 år;0;0
Zastava;8 - 11 år;0;0
Zastava;12 - 15 år;0;0
Zastava;16 - 20 år;0;0
Zastava;Over 20 år;13;0
Zim;Under 4 år;0;0
Zim;4 - 7 år;0;0
Zim;8 - 11 år;0;0
Zim;12 - 15 år;0;0
Zim;16 - 20 år;0;0
Zim;Over 20 år;1;0
Zimmer;Under 4 år;0;0
Zimmer;4 - 7 år;0;0
Zimmer;8 - 11 år;0;0
Zimmer;12 - 15 år;0;0
Zimmer;16 - 20 år;0;0
Zimmer;Over 20 år;1;0
Andre merker;Under 4 år;0;9
Andre merker;4 - 7 år;4;12
Andre merker;8 - 11 år;21;39
Andre merker;12 - 15 år;48;267
Andre merker;16 - 20 år;360;108
Andre merker;Over 20 år;842;107
